날짜,momentum,strength,breadth,putcall,volatility,safe_haven,junk_bond,margin_loan_ratio,index_close,fear_greed,regime,highs,lows,strength_raw,up_vol,down_vol,breadth_raw,customer_deposit_raw,margin_loan_raw,margin_loan_ratio_raw,fg_raw_window_mean,fear_greed_1y_rescaled,fg_bucket_1y,fwd_ret_20d_1y,fwd_ret_60d_1y
2025-02-21,62.142857142857146,87.26190476190476,49.12698412698413,54.04761904761905,54.04761904761905,83.73015873015873,58.05555555555556,87.98498122653316,351.92,98.70196440435906,Extreme Greed,10.0,0.0,10.0,87872555.0,73703253.0,0.0876944523774252,54958762565901.0,17811023022913.0,0.3240797680179902,67.04970995490395,72.27734962485242,Greed,0.0037508524664695564,-0.02023187087974543
2025-02-24,59.12698412698413,81.74603174603175,51.19047619047619,51.58730158730159,51.58730158730159,80.07936507936508,58.01587301587302,82.0,349.9,96.13703703703705,Extreme Greed,8.0,0.0,8.0,101172378.0,79876542.0,0.1176247613076068,54029761225021.0,17888934433792.0,0.3310940864478167,64.41666666666666,65.43914996896343,Greed,0.003400971706201794,-0.013203772506430456
2025-02-25,55.95238095238096,87.22222222222223,63.33333333333333,54.04761904761905,54.04761904761905,67.06349206349206,57.97619047619048,85.26841448189762,347.54,96.9390301805283,Extreme Greed,10.0,0.0,10.0,116969759.0,65277937.0,0.2836349821399114,54898669789689.0,17945976814175.0,0.3268927440851324,65.61390895309435,68.54847286830189,Greed,0.021465155090061527,0.013149565517638129
2025-02-26,58.730158730158735,74.72222222222223,40.87301587301587,61.19047619047619,61.19047619047619,79.04761904761905,57.93650793650794,81.04738154613466,349.31,96.0053175262901,Extreme Greed,6.0,0.0,6.0,82291927.0,82800609.0,-0.0030811932042766,54494564943082.0,18083894685598.0,0.3318476751669842,64.34223221707636,65.24583843859531,Greed,0.0027196473046864345,0.005639689673928583
2025-02-27,54.761904761904766,55.75396825396825,36.98412698412699,58.25396825396825,58.25396825396825,69.04761904761905,57.8968253968254,83.68617683686176,346.45,91.23206197658251,Extreme Greed,3.0,0.0,3.0,69787778.0,79311975.0,-0.0638780199723067,55218463533405.0,18192706614876.0,0.3294678165731672,59.32981972365534,52.22824866298952,Neutral,-0.01007360369461685,0.028604416221676976
2025-02-28,41.11111111111111,15.714285714285714,1.4285714285714286,25.95238095238095,25.95238095238095,50.15873015873016,57.85714285714286,86.69154228855722,334.27,71.01512727368448,Greed,0.0,6.0,-6.0,13338502.0,228033120.0,-0.8894774630963038,56052942763366.0,18233130225974.0,0.3252840854930182,38.108268182895046,0.0,Extreme Fear,-0.005594280072994895,0.08618781224758432
2025-03-04,41.19047619047619,13.373015873015872,57.77777777777777,44.76190476190476,44.76190476190476,69.44444444444444,57.81746031746032,90.6832298136646,334.02,83.75891266007208,Extreme Greed,3.0,11.0,-8.0,95590859.0,62048875.0,0.2127762027307151,57232825633150.0,18304523459954.0,0.3198256115691723,52.476276742581085,34.4291127869603,Fear,0.012574097359439707,0.0766421172384888
2025-03-05,44.60317460317461,63.05555555555556,77.93650793650794,46.58730158730159,46.58730158730159,66.42857142857143,57.77777777777777,66.2531017369727,337.08,89.58992135701813,Extreme Greed,7.0,3.0,4.0,143052811.0,49775465.0,0.4837327177057788,53548723770937.0,18353699908853.0,0.3427476626214997,58.653661526645394,50.47221800038112,Neutral,-0.0024326569360388905,0.06707606502907315
2025-03-06,48.73015873015873,69.6031746031746,61.66666666666667,47.38095238095238,47.38095238095238,65.23809523809524,57.738095238095234,64.80793060718712,340.31,89.20622509392027,Extreme Greed,8.0,3.0,5.0,99279508.0,57841929.0,0.2637296335318013,52877238309198.0,18196931691647.0,0.3441354403806229,57.81825323066029,48.302603566903066,Neutral,-0.021715494696012416,0.08695013370162497
2025-03-07,46.82539682539682,75.0,48.80952380952381,49.84126984126984,49.84126984126984,53.095238095238095,57.698412698412696,47.52475247524752,338.42,85.22842928737319,Extreme Greed,8.0,2.0,6.0,88696945.0,74971487.0,0.0838613642977895,51289234160155.0,18206047651999.0,0.3549682101929825,53.57948294829483,37.29421733347032,Fear,-0.0288103539979907,0.11264109686188761
2025-03-10,47.460317460317455,74.96031746031746,65.7936507936508,51.98412698412698,51.98412698412698,59.76190476190476,57.65873015873015,70.95179233621755,338.79,91.03832965993246,Extreme Greed,8.0,2.0,6.0,91189462.0,47480925.0,0.3151973391406198,53767051257072.0,18241208721730.0,0.3392636995195218,60.06937086742401,54.14891529214199,Neutral,-0.08615956787390422,0.13046429941851878
2025-03-11,43.41269841269841,17.341269841269842,4.365079365079365,47.93650793650793,47.93650793650793,48.730158730158735,57.698412698412696,69.50617283950618,334.96,74.65408975112678,Greed,1.0,6.0,-5.0,21292771.0,145194049.0,-0.7442107309155163,53300355991742.0,18144677878181.0,0.340423202445256,42.11585097001763,7.522354258035585,Extreme Fear,-0.07442679722951995,0.14876403152615247
2025-03-12,51.42857142857142,47.93650793650794,77.53968253968254,39.761904761904766,39.761904761904766,58.65079365079365,57.738095238095234,64.61159062885326,340.89,86.4798945495904,Extreme Greed,6.0,4.0,2.0,142334259.0,50783054.0,0.47407041646235,52806015678741.0,18172788245582.0,0.344142386279261,54.6786313682892,40.1487835234581,Fear,-0.10666197307049197,0.1434480330898531
2025-03-13,52.3015873015873,62.93650793650794,36.74603174603175,39.84126984126984,39.84126984126984,58.49206349206349,57.77777777777777,61.08374384236453,341.42,83.38225019765248,Extreme Greed,6.0,2.0,4.0,88374831.0,101206813.0,-0.0676857829126115,52246368181119.0,18146712840718.0,0.3473296512747068,51.12753147235905,30.92632592283374,Fear,-0.04785894206549124,0.14410403608458777
2025-03-14,51.82539682539683,32.8968253968254,56.03174603174603,44.2063492063492,44.2063492063492,46.58730158730159,57.81746031746032,51.04551045510456,340.8,80.60188211405924,Extreme Greed,3.0,3.0,0.0,64221211.0,44102712.0,0.1857253544999473,51356628394178.0,18099015027707.0,0.3524182874465875,48.07711737831664,23.004184763443945,Extreme Fear,-0.054225352112676095,0.136443661971831
2025-03-17,62.3015873015873,81.9047619047619,85.63492063492063,32.38095238095238,32.38095238095238,60.79365079365079,57.85714285714286,56.019656019656026,348.19,90.82929158595825,Extreme Greed,10.0,2.0,8.0,136015124.0,32884654.0,0.6106015722531026,51861445788283.0,18160399561948.0,0.3501714864657891,58.65920303420303,50.48660968746162,Neutral,-0.06565380970159973,0.13202561819696146
2025-03-18,61.74603174603175,69.4047619047619,83.73015873015873,33.33333333333334,33.33333333333334,55.238095238095234,57.8968253968254,41.472392638036816,347.84,87.11054803561962,Extreme Greed,7.0,2.0,5.0,128836644.0,35072017.0,0.5720541332468088,50956700755936.0,18198104304801.0,0.3571287786460759,54.51936654007206,39.73516149970521,Fear,-0.05663523459061637,0.13609705611775547
2025-03-19,66.98412698412697,74.88095238095238,71.42857142857143,33.0952380952381,33.0952380952381,55.87301587301587,57.93650793650794,54.53431372549019,350.85,88.74199605768234,Extreme Greed,7.0,1.0,6.0,111289698.0,48173505.0,0.3958041216568314,51913402448523.0,18215689398135.0,0.3508860629236845,55.97849556489262,43.52462278201678,Fear,-0.077868034772695,0.1368391050306399
2025-03-20,71.26984126984127,74.84126984126985,34.6031746031746,40.63492063492063,40.63492063492063,44.99999999999999,57.97619047619048,59.8531211750306,353.5,86.47927095948313,Extreme Greed,7.0,1.0,6.0,71674942.0,86760175.0,-0.0952139480542056,52497300699194.0,18284161014010.0,0.3482876408975199,53.10167982941851,36.05332883851888,Fear,-0.07694483734087687,0.12953323903818958
2025-03-21,73.25396825396825,39.48412698412698,60.63492063492063,41.58730158730158,41.58730158730158,55.87301587301587,58.01587301587302,68.82640586797066,355.18,88.27143486716429,Extreme Greed,4.0,3.0,1.0,118142835.0,70536365.0,0.2523143515554443,53615311588904.0,18285672028964.0,0.3410531709517906,54.90786422555983,40.744117467533066,Fear,-0.07553916324117349,0.141167858550594
2025-03-24,70.15873015873015,39.523809523809526,30.47619047619048,40.15873015873016,40.15873015873016,50.87301587301587,58.05555555555556,69.71916971916971,353.24,83.59599240265908,Extreme Greed,2.0,1.0,1.0,32153112.0,43463296.0,-0.1495731455532772,53282248974110.0,18152379487241.0,0.3406834327894322,49.89049145299145,27.713645496138795,Fear,-0.06774430981768775,0.14460423508096465
2025-03-25,66.42857142857143,39.48412698412698,18.015873015873016,39.84126984126984,39.84126984126984,50.55555555555556,58.0952380952381,86.46341463414635,351.09,83.3128132662279,Extreme Greed,2.0,1.0,1.0,31912215.0,70833719.0,-0.3788130827639369,55162222293784.0,17962714960748.0,0.3256343601438288,49.84066492450639,27.584242477410303,Fear,-0.06402916631063249,0.1898943290894073
2025-03-26,72.61904761904762,55.47619047619048,65.71428571428571,38.17460317460317,38.17460317460317,64.28571428571428,58.13492063492064,89.28136419001218,355.0,92.98452547437526,Extreme Greed,3.0,0.0,3.0,57315955.0,30079838.0,0.3116410534772537,55671371348268.0,17952562805612.0,0.3224738742881807,60.23259115867216,54.57280993315807,Neutral,-0.0593239436619718,0.18171830985915483
2025-03-27,64.28571428571429,23.65079365079365,15.873015873015872,34.04761904761905,34.04761904761905,49.920634920634924,58.17460317460318,85.88807785888078,350.26,79.57200865098676,Extreme Greed,0.0,2.0,-2.0,26994539.0,65203685.0,-0.4144238830457298,54693639111856.0,17842251902876.0,0.3262216994993905,45.7360097323601,16.924162619297434,Extreme Fear,-0.047222063609889675,0.1867184377319706
2025-03-28,53.49206349206349,10.714285714285714,5.555555555555555,26.19047619047619,26.19047619047619,39.04761904761904,58.21428571428572,95.13973268529767,342.96,73.05605495445106,Greed,0.0,10.0,-10.0,12410488.0,68724417.0,-0.6940777092177528,56932751985556.0,17695082908945.0,0.3108067376302886,39.318061823757446,0.2562979563124677,Extreme Fear,-0.017757172848145486,0.20340564497317493
2025-03-31,40.87301587301587,4.722222222222222,4.365079365079365,32.301587301587304,32.301587301587304,43.333333333333336,58.25396825396826,97.9368932038835,332.4,71.83196520607524,Greed,0.0,26.0,-26.0,13593604.0,92317073.0,-0.7433005928193623,58474325039872.0,17593874494625.0,0.3008820449424295,39.26096085683464,0.1080027064368597,Extreme Fear,0.014079422382671458,0.24729241877256336
2025-04-01,47.460317460317455,9.404761904761903,90.63492063492065,25.63492063492064,25.63492063492064,58.65079365079365,58.2936507936508,98.66666666666669,338.22,83.62232804232805,Extreme Greed,0.0,12.0,-12.0,74049038.0,13793341.0,0.6859524717562578,59496706100632.0,17379042638009.0,0.2921009208243276,51.79761904761905,32.66659075137972,Fear,0.0024835905623556975,0.23073738986458503
2025-04-02,45.47619047619048,4.365079365079365,18.09523809523809,26.746031746031747,26.746031746031747,45.31746031746032,58.333333333333336,93.46246973365618,336.26,72.75575942366903,Greed,0.0,27.0,-27.0,23353638.0,51954906.0,-0.3797878232780599,54357742057823.0,17110247449013.0,0.3147711218543991,39.81772935162766,1.5539698679005312,Extreme Fear,0.007375245345863313,0.2324689228573129
2025-04-03,41.74603174603175,5.476190476190476,21.03174603174603,26.904761904761912,26.904761904761912,30.158730158730165,58.37301587301587,96.2515114873035,332.92,71.0851943980602,Greed,1.0,24.0,-23.0,35529805.0,68918909.0,-0.3196698429432075,55320004458326.0,16972049969023.0,0.3067976970574629,38.3558436978177,0.0,Extreme Fear,0.0176318635107533,0.26438784092274403
2025-04-04,38.730158730158735,14.246031746031743,14.841269841269842,24.52380952380952,24.52380952380952,24.603174603174608,58.41269841269842,96.256038647343,328.67,69.42299900314394,Greed,2.0,9.0,-7.0,37094447.0,95662609.0,-0.441167978295632,55607730662616.0,17040430655053.0,0.3064399581137547,37.01712387853692,0.0,Extreme Fear,0.0384580278090485,0.2557884808470503
2025-04-07,11.26984126984127,2.261904761904762,0.873015873015873,6.507936507936506,6.507936507936506,4.126984126984127,54.12698412698413,98.43184559710494,309.6,54.85627208574535,Neutral,0.0,44.0,-44.0,3758996.0,137292025.0,-0.9467001943927792,57843408995281.0,16957730056493.0,0.2931661593091176,23.013306096463516,0.0,Extreme Fear,0.10293927648578816,0.3340439276485787
2025-04-08,12.22222222222222,2.857142857142857,56.19047619047619,6.587301587301582,6.587301587301582,6.19047619047619,54.16666666666666,97.34939759036143,310.03,61.35344276577208,Greed,1.0,37.0,-36.0,67986496.0,46203319.0,0.1907628714522394,55909187212632.0,16961627222836.0,0.3033781757250037,30.26887311149359,0.0,Extreme Fear,0.1014740508983003,0.3586427119956135
2025-04-09,7.301587301587302,1.9444444444444444,6.587301587301588,7.301587301587304,7.301587301587304,2.857142857142861,52.53968253968255,94.705174488568,304.53,53.89650086910015,Neutral,1.0,50.0,-49.0,19701613.0,95934477.0,-0.6592480254218211,54160436723572.0,16790752949224.0,0.3100187879747328,22.567313477737667,0.0,Extreme Fear,0.13972350835714065,0.3858076379995403
2025-04-10,35.714285714285715,47.61904761904761,100.0,3.3333333333333286,3.3333333333333286,13.253968253968251,52.57936507936508,97.47596153846152,325.08,75.37658831908831,Extreme Greed,2.0,0.0,2.0,135199644.0,991.0,0.9999853403055392,54692393919355.0,16546679900582.0,0.3025407870238849,44.16366185897435,12.840663979241942,Extreme Fear,0.06795250399901565,0.31789098068167854
2025-04-11,32.46031746031746,62.57936507936508,50.87301587301587,3.3333333333333286,3.3333333333333286,10.873015873015872,52.61904761904762,95.7983193277311,322.32,70.46552754435108,Greed,6.0,2.0,4.0,56853395.0,45039080.0,0.1159488470566643,53618358145697.0,16446367642246.0,0.3067301612920771,38.98371848739495,0.0,Extreme Fear,0.09143087614792766,0.328090096798213
2025-04-14,36.66666666666666,74.8015873015873,71.82539682539682,3.492063492063494,3.492063492063494,8.253968253968253,52.65873015873016,98.08153477218224,325.33,74.95577899585093,Greed,6.0,0.0,6.0,55473214.0,23903426.0,0.3977213951107026,54875869832021.0,16304548641124.0,0.2971169056824684,43.65900137033231,11.530024995375074,Extreme Fear,0.07324870131866112,0.32938862078504916
2025-04-15,40.07936507936508,69.12698412698413,86.82539682539682,3.492063492063494,3.492063492063494,10.317460317460316,52.6984126984127,97.24550898203591,328.14,76.82413944597576,Extreme Greed,5.0,0.0,5.0,59554403.0,13434063.0,0.6318853173321933,54754227671263.0,16576036437227.0,0.3027352798535903,45.40965687672274,16.07660117012286,Extreme Fear,0.06798927287133538,0.3249832388614615
2025-04-16,34.682539682539684,69.08730158730158,16.666666666666664,3.5714285714285694,3.5714285714285694,5.476190476190482,52.73809523809524,91.74641148325358,323.53,66.78556247521159,Greed,5.0,0.0,5.0,23884014.0,55602826.0,-0.3990448230172441,52977267633354.0,16784156475289.0,0.3168180849085891,34.69250778461305,0.0,Extreme Fear,0.0712144159737893,0.3326739405928354
2025-04-17,38.41269841269842,78.65079365079364,92.06349206349206,3.492063492063494,3.492063492063494,5.714285714285722,52.77777777777778,92.23416965352448,326.3,77.01526047296657,Extreme Greed,7.0,0.0,7.0,65617358.0,10864567.0,0.7158919051789033,53633088177925.0,16898742128038.0,0.3150805352094829,45.85466803208739,17.232326616444134,Extreme Fear,0.06349984676677889,0.32283174992338326
2025-04-18,40.47619047619048,62.22222222222222,79.6031746031746,3.492063492063494,3.492063492063494,6.111111111111114,52.81746031746032,91.64677804295944,328.35,74.24567375080501,Greed,4.0,0.0,4.0,52814595.0,16870604.0,0.5158052429469276,53824750426392.0,17019019170334.0,0.3161931831640975,42.48263296965564,8.474913053751388,Extreme Fear,0.06404751027866595,0.3129282777523983
2025-04-21,41.03174603174603,68.96825396825396,55.55555555555556,3.492063492063494,3.492063492063494,8.174603174603178,52.85714285714286,90.94159713945172,329.31,72.64700285676447,Greed,6.0,1.0,5.0,39373331.0,27059858.0,0.1853512255749155,53836524475808.0,17074966040316.0,0.3171632308469098,40.56412821386004,3.4924205062454403,Extreme Fear,0.047037745589262325,0.3196076645106434
2025-04-22,40.79365079365079,68.92857142857143,51.5873015873016,3.5714285714285694,3.5714285714285694,8.80952380952381,52.8968253968254,90.11904761904762,328.61,72.09864197530865,Greed,7.0,2.0,5.0,41468513.0,32359481.0,0.1233818163879679,53962600123857.0,17173562080381.0,0.31824934382264,40.03472222222223,2.117515700838012,Extreme Fear,0.05072882748546892,0.3026079547183591
2025-04-23,46.26984126984127,54.84126984126985,91.82539682539682,3.492063492063494,3.492063492063494,9.920634920634924,52.93650793650794,90.48751486325804,333.94,76.35614362678176,Extreme Greed,3.0,0.0,3.0,74122116.0,12510233.0,0.7111879535899459,54397449155212.0,17274295197165.0,0.3175570815439586,44.15816158012948,12.826379366044616,Extreme Fear,0.05441097203090384,0.28777624723004136
2025-04-24,46.11111111111112,81.86507936507937,59.523809523809526,3.5714285714285694,3.5714285714285694,13.80952380952381,52.97619047619048,88.12351543942992,333.72,75.91912076311127,Extreme Greed,8.0,0.0,8.0,48349400.0,29920742.0,0.2354494003601015,54307577811410.0,17428185843258.0,0.3209162799302079,43.69401085850017,11.620947112383876,Extreme Fear,0.05261896200407512,0.2885952295337406
2025-04-25,50.23809523809524,89.28571428571429,74.84126984126985,4.206349206349202,4.206349206349202,33.33333333333334,53.01587301587302,92.52669039145908,336.87,82.0581860576048,Extreme Greed,11.0,0.0,11.0,83335003.0,32890300.0,0.4340251365057744,55310303891282.0,17392717921071.0,0.3144571028801097,50.2067093148054,28.534885649501305,Fear,0.05785614628788549,0.27877222667497836
2025-04-28,50.63492063492063,91.15079365079364,71.03174603174604,4.444444444444443,4.444444444444443,59.36507936507937,53.05555555555556,93.12796208530806,337.08,84.92610513469913,Extreme Greed,12.0,0.0,12.0,80184068.0,35235823.0,0.3894323986148973,55941685201011.0,17511981439656.0,0.3130399339371263,53.40686827653652,36.845924821800565,Fear,0.07713302480123407,0.28565919069657064
2025-04-29,53.17460317460318,93.73015873015872,43.73015873015873,4.523809523809518,4.523809523809518,49.68253968253968,53.095238095238095,96.33136094674556,339.06,81.983519823007,Extreme Greed,14.0,0.0,14.0,55786775.0,52326125.0,0.0320095936747603,57561497964018.0,17522376660106.0,0.3044114083177496,49.84895980088288,27.605784858060385,Fear,0.060638235120627604,0.2854362059812421
2025-04-30,53.01587301587302,93.6904761904762,44.68253968253968,4.603174603174594,4.603174603174594,54.44444444444444,53.05555555555556,96.21749408983452,338.74,82.5614146872303,Extreme Greed,14.0,0.0,14.0,55631200.0,50868811.0,0.0447172629869493,57547609735064.0,17557970629012.0,0.3051033867409067,50.53909152313408,29.39810575407405,Fear,0.061846844187282146,0.29837043159945686
2025-05-02,53.01587301587302,89.0079365079365,31.825396825396822,4.682539682539684,4.682539682539684,61.90476190476191,53.01587301587302,93.97874852420308,338.79,81.21151879545818,Extreme Greed,11.0,0.0,11.0,45937408.0,58495303.0,-0.1202486738087264,56530869582137.0,17532961926356.0,0.3101484561613073,49.01420864489047,25.43787706362317,Fear,0.09182679535995741,0.29460727884530247
2025-05-07,56.34920634920635,97.1031746031746,75.95238095238095,4.841269841269849,4.841269841269849,75.23809523809524,52.97619047619048,93.04245283018868,341.31,89.07267112575288,Extreme Greed,18.0,0.0,18.0,83643950.0,32156691.0,0.4446198100060603,56449421754071.0,17615565592013.0,0.3120592743847302,57.543005016472,47.587764486226,Neutral,0.1032199466760424,0.23266238903050018
2025-05-08,56.74603174603175,95.71428571428572,47.6984126984127,9.841269841269837,9.841269841269837,95.3968253968254,52.93650793650794,93.87514723203768,341.47,89.27997226740455,Extreme Greed,16.0,0.0,16.0,56927120.0,48274770.0,0.0822451954047593,56436361044168.0,17515303412964.0,0.3103549394202833,57.756218800830105,48.14149576491094,Neutral,0.1215919407268573,0.24400386563973409
2025-05-09,56.74603174603175,98.33333333333331,67.61904761904762,9.76190476190476,9.76190476190476,95.07936507936508,52.8968253968254,86.23529411764706,341.49,90.88041186845108,Extreme Greed,22.0,1.0,21.0,62893680.0,30941034.0,0.3405205242059991,54262394057703.0,17527903169877.0,0.3230211912736048,59.554213352007466,52.8110147872823,Neutral,0.12679727078391756,0.2628481068259685
2025-05-12,65.39682539682539,94.56349206349206,71.19047619047619,10.555555555555555,10.555555555555555,98.33333333333331,52.85714285714286,91.7743830787309,347.08,93.58964044790132,Extreme Greed,16.0,1.0,15.0,82632857.0,36183412.0,0.3909350578917774,56162460988036.0,17662560390649.0,0.3144904991683246,61.90334550388898,58.91187714089289,Greed,0.12305520341131748,0.24086665898351978
2025-05-13,65.55555555555556,86.54761904761905,43.65079365079365,89.84126984126985,89.84126984126985,88.17460317460318,52.81746031746032,86.61971830985915,347.17,105.57980997093672,,13.0,3.0,10.0,57517673.0,53756501.0,0.0338009428854533,55206492981236.0,17787240545851.0,0.3221947199561591,75.38103621730382,93.9143932067608,Extreme Greed,0.12515482328542205,0.25399660108880373
2025-05-14,73.4920634920635,97.42063492063492,90.3968253968254,90.7936507936508,90.7936507936508,93.4920634920635,52.77777777777778,94.7245017584994,351.79,115.075685380574,,20.0,1.0,19.0,96671458.0,18735102.0,0.6753199818103928,57471283704159.0,17729977830780.0,0.3085015104595087,85.48639605314577,100.0,Extreme Greed,0.10094090224281538,0.2321839733932176
2025-05-15,69.12698412698413,84.08730158730158,26.111111111111114,88.80952380952381,88.80952380952381,89.76190476190476,52.73809523809524,91.33489461358316,349.16,104.43770433978084,,13.0,4.0,9.0,36630881.0,56901802.0,-0.2167255375321586,56518593282538.0,17805326714255.0,0.3150348527827945,73.84741738225345,89.93147661858461,Extreme Greed,0.128880742353076,0.24094970787031733
2025-05-16,71.19047619047619,90.55555555555556,68.17460317460318,89.36507936507937,89.36507936507937,88.0952380952381,52.6984126984127,90.64327485380116,350.45,110.05974658869395,,18.0,6.0,12.0,70008765.0,34077618.0,0.3452050687552472,56274366071618.0,17780241068829.0,0.3159563103065584,80.01096491228071,100.0,Extreme Greed,0.12763589670423747,0.23164502782137264
2025-05-19,63.49206349206349,77.5,24.365079365079364,91.34920634920636,91.34920634920636,89.28571428571429,52.65873015873016,88.43457943925233,346.57,102.77828660436136,,9.0,2.0,7.0,34924148.0,57907472.0,-0.2475807704314543,56185030215990.0,17921740592603.0,0.3189771461136023,72.30432242990653,85.92394988353924,Extreme Greed,0.15087861038174122,0.2606976945494417
2025-05-20,64.12698412698413,53.61111111111111,55.00000000000001,92.06349206349206,92.06349206349206,86.82539682539682,52.61904761904762,89.49824970828472,347.02,103.64753039086762,,11.0,8.0,3.0,59004617.0,40810628.0,0.1822766552343782,56545822284163.0,17943889509962.0,0.3173336028219296,73.22597168972607,88.3175381999575,Extreme Greed,0.15062532418880759,0.2580542908189729
2025-05-21,68.88888888888889,92.06349206349206,76.26984126984127,91.984126984127,91.984126984127,86.9047619047619,52.57936507936508,87.06293706293707,349.38,110.79083780417116,,20.0,7.0,13.0,71392534.0,27243296.0,0.4475983828594538,56101265973392.0,17973527728444.0,0.3203765087399022,80.96719252969254,100.0,Extreme Greed,0.16011219875207505,0.22843322456923687
2025-05-22,59.44444444444444,22.34126984126984,5.396825396825397,85.87301587301587,85.87301587301587,80.31746031746032,52.53968253968255,87.54365541327124,344.8,91.56992996655396,Extreme Greed,7.0,9.0,-2.0,17507505.0,88972679.0,-0.6711593774105424,56212991158998.0,17976526512370.0,0.3197930966086387,59.91617121237319,53.75104495209446,Neutral,0.1726218097447796,0.2360208816705336
2025-05-23,59.84126984126984,77.38095238095238,47.85714285714286,86.34920634920636,86.34920634920636,81.82539682539682,52.5,89.88372093023256,345.28,103.02965505926744,,20.0,13.0,7.0,61229094.0,51839466.0,0.0830436683725343,56750013990187.0,17997714437489.0,0.3171402643284123,72.7483619416759,87.07715190271877,Extreme Greed,0.20991658943466174,0.22700417052826705
2025-05-26,72.3015873015873,98.6904761904762,96.26984126984128,82.46031746031747,82.46031746031747,83.41269841269842,52.46031746031746,87.45644599303137,352.11,111.95800017206524,,25.0,2.0,23.0,106540479.0,9607862.0,0.8345587734223427,56756516425534.0,18146007620701.0,0.3197167261755577,81.93900019357338,100.0,Extreme Greed,0.19141745477265615,0.20533356053506013
2025-05-27,70.07936507936508,90.35714285714286,58.65079365079365,81.98412698412699,81.98412698412699,82.22222222222223,52.420634920634924,90.6032482598608,351.28,106.62018455091928,,16.0,4.0,12.0,76658964.0,48495823.0,0.2250264786116411,57500411031619.0,18175373817874.0,0.3160911981634272,76.03770761978419,95.61981528566614,Extreme Greed,0.1832726030516969,0.21982464131177415
2025-05-28,77.85714285714286,90.31746031746032,41.98412698412699,79.36507936507937,79.36507936507937,84.84126984126985,52.38095238095239,85.63151796060255,356.36,105.34473656352375,,12.0,0.0,12.0,80452998.0,77969974.0,0.0156733835292523,56402863778222.0,18163965636011.0,0.3220397763388812,73.96782863396422,90.24419315601948,Extreme Greed,0.15815467504770453,0.2175608934785047
2025-05-29,84.12698412698413,99.20634920634922,96.11111111111111,73.57142857142857,73.57142857142857,91.03174603174602,52.34126984126984,90.625,363.08,113.74059082892416,,31.0,0.0,31.0,138196296.0,14273255.0,0.8127723875831444,58029086406957.0,18341037618256.0,0.3160662825127146,82.57316468253968,100.0,Extreme Greed,0.14189710256692756,0.18268701112702446
2025-05-30,80.87301587301587,96.74603174603176,44.52380952380952,69.36507936507937,69.36507936507937,85.55555555555556,52.3015873015873,88.09248554913295,359.62,105.1602938088102,,19.0,1.0,18.0,100958999.0,92156987.0,0.0455788885338575,57297161972551.0,18273908586742.0,0.3189321767018124,73.35283053491146,88.64699959368717,Extreme Greed,0.15749958289305366,0.1965686001890885
2025-06-02,80.7936507936508,88.01587301587301,41.19047619047619,69.60317460317461,69.60317460317461,85.71428571428572,52.261904761904766,96.30484988452656,359.69,104.79748772967405,,12.0,1.0,11.0,55855647.0,54779414.0,0.0097277751760809,60188564960066.0,18346307063865.0,0.3048138309334578,72.93592369588328,87.56426304472262,Extreme Greed,0.15218660513219717,0.20050599127026048
2025-06-04,87.6984126984127,99.76190476190476,95.3968253968254,49.76190476190476,49.76190476190476,93.57142857142856,52.22222222222223,94.69434832756632,369.9,110.30766127801884,,41.0,0.0,41.0,150237502.0,18004672.0,0.7859671974994807,60035306265612.0,18514411118257.0,0.3083920491109743,77.85861893777118,100.0,Extreme Greed,0.13798323871316587,0.162800756961341
2025-06-05,90.23809523809524,98.37301587301587,74.20634920634922,45.15873015873015,45.15873015873015,95.55555555555556,52.18253968253968,88.70967741935485,376.54,107.34696592137452,,22.0,0.0,22.0,121664422.0,49627263.0,0.4205525738158276,58369719002120.0,18553009102791.0,0.3178533222357495,73.69783666154635,89.54300490699657,Extreme Greed,0.09613852445955273,0.12426302650448817
2025-06-09,92.3015873015873,99.16666666666669,84.68253968253968,40.95238095238095,40.95238095238095,97.3015873015873,52.142857142857146,93.44073647871116,382.99,109.32563738652348,,32.0,0.0,32.0,147685506.0,39372695.0,0.5790326776423986,59660311967140.0,18533052837826.0,0.3106429086062058,75.1175920598389,93.23021009630058,Extreme Greed,0.07840935794668269,0.11791430585654972
2025-06-10,92.7777777777778,99.28571428571428,60.55555555555555,42.53968253968255,42.53968253968255,97.85714285714286,52.10317460317461,98.16091954022988,384.79,107.84551663321778,,34.0,0.0,34.0,116400179.0,69338445.0,0.2533761313963433,62349793843202.0,18516888110718.0,0.2969839508577123,73.22745621237002,88.32139361026478,Extreme Greed,0.09467501754203589,0.11845422178331022
2025-06-11,94.2063492063492,99.16666666666669,92.46031746031748,44.68253968253968,44.68253968253968,97.53968253968254,52.06349206349207,97.3593570608496,389.79,112.43899381804856,,33.0,0.0,33.0,141510530.0,23700767.0,0.7130853951228286,61982195920495.0,18724191806592.0,0.3020898425510714,77.77011804530463,100.0,Extreme Greed,0.08268554862874877,0.1091100336078401
2025-06-12,94.28571428571428,98.73015873015872,64.36507936507937,45.07936507936508,45.07936507936508,97.77777777777776,52.023809523809526,97.8211009174312,390.62,109.53137452874456,,29.0,0.0,29.0,144626262.0,78358970.0,0.297182425067504,62944457063416.0,18850000635698.0,0.2994703825422909,74.39529634483763,91.35435703614132,Extreme Greed,0.09676923864625464,0.10813578413803704
2025-06-13,93.0952380952381,97.65873015873017,42.38095238095238,40.23809523809524,40.23809523809524,94.76190476190476,51.98412698412699,97.93814432989691,387.3,105.0661430207822,,22.0,1.0,21.0,97232493.0,92780706.0,0.0234288303308866,63819595616746.0,18988847604676.0,0.2975394535357006,69.78691089837997,79.38605407851422,Extreme Greed,0.10526723470178156,0.12277304415182022
2025-06-16,95.07936507936508,99.92063492063492,84.52380952380952,40.55555555555556,40.55555555555556,98.015873015873,51.94444444444445,98.16933638443936,394.16,111.43606383107527,,49.0,1.0,48.0,132930375.0,35457681.0,0.578857528944927,64965824545472.0,19211834156877.0,0.2957221630186487,76.09557180995968,95.7700926803121,Extreme Greed,0.09724477369596096,0.11954536228942558
2025-06-17,95.15873015873017,97.93650793650794,38.41269841269842,40.3968253968254,40.3968253968254,97.93650793650794,51.90476190476191,97.71428571428572,395.18,106.11523809523813,,22.0,0.0,22.0,101695454.0,106071559.0,-0.0210625591464801,65020220617107.0,19385645273042.0,0.2981479467318446,69.98214285714286,79.89308528426574,Extreme Greed,0.10020750037957371,0.1388481198441216
2025-06-18,95.63492063492065,96.984126984127,68.33333333333333,50.0,50.0,99.2063492063492,51.86507936507937,94.29223744292236,398.86,111.68622744074798,,20.0,0.0,20.0,105854752.0,51343174.0,0.346770338433091,63498937921596.0,19560300977668.0,0.3080413880594299,75.78950587084148,94.97521778824051,Extreme Greed,0.08098079526650959,0.1382439953868524
2025-06-19,95.55555555555556,97.8968253968254,42.93650793650794,49.920634920634924,49.920634920634924,99.12698412698413,51.82539682539683,93.95667046750285,399.29,108.93657890556028,,23.0,1.0,22.0,72756613.0,68680462.0,0.0288195368859261,63604816777909.0,19608432534381.0,0.3082853395026417,72.64240126875532,86.80196454049796,Extreme Greed,0.08101880838488307,0.15890706003155608
2025-06-20,96.66666666666669,98.21428571428572,60.15873015873016,47.85714285714285,47.85714285714285,99.52380952380952,51.78571428571429,93.62186788154898,405.32,111.22281777167125,,24.0,0.0,24.0,129086457.0,77343295.0,0.250657482745026,64214360794420.0,19819766359306.0,0.308650060735764,74.46066999313013,91.52413702466448,Extreme Greed,0.06360406592322132,0.14637817033455036
2025-06-23,96.11111111111111,98.45238095238096,65.55555555555556,60.47619047619048,60.47619047619048,99.76190476190476,51.74603174603176,93.28782707622298,404.32,114.46524357284312,,29.0,1.0,28.0,136561908.0,71786504.0,0.3108994370449053,65017255336175.0,20096580175355.0,0.3090961018185806,78.23339901944851,100.0,Extreme Greed,0.07479224376731297,0.16949445983379507
2025-06-24,98.17460317460316,99.72222222222224,97.2222222222222,41.34920634920635,41.34920634920635,99.92063492063492,51.70634920634921,96.47727272727272,417.76,115.96463524130188,,42.0,0.0,42.0,218121480.0,16936960.0,0.8558914965997392,66411444977331.0,20139329064748.0,0.303250878995667,78.24021464646465,100.0,Extreme Greed,0.024631367292225148,0.11784278054385289
2025-06-25,98.4126984126984,98.21428571428572,58.65079365079365,44.76190476190476,44.76190476190476,99.84126984126983,51.66666666666667,93.53007945516458,419.51,112.1499559182987,,27.0,0.0,27.0,140639781.0,88368953.0,0.2282481855037022,66676929120466.0,20572622834770.0,0.3085418465748654,73.72995040808604,89.6264065781799,Extreme Greed,0.025100712736287667,0.13308383590379247
2025-06-26,97.6984126984127,96.03174603174604,18.88888888888889,36.82539682539683,36.82539682539683,99.68253968253968,51.62698412698413,97.84580498866214,415.66,105.67613000755858,,19.0,0.0,19.0,65667168.0,132049820.0,-0.3357458186648079,69055962543126.0,20535165548385.0,0.2973699126351417,66.9281462585034,71.96164010704526,Greed,0.034571524803926224,0.13900784294856372
2025-06-27,97.14285714285714,86.70634920634922,29.444444444444446,32.06349206349206,32.06349206349206,99.04761904761904,51.5873015873016,95.24348810872029,412.72,104.00211596269732,,12.0,1.0,11.0,64453611.0,86601094.0,-0.1466189550335423,67712740038572.0,20683060656419.0,0.3054530158525126,65.41238045803448,68.02508911243024,Greed,0.04375848032564433,0.15887284357433606
2025-06-30,97.46031746031746,90.515873015873,48.095238095238095,35.23809523809524,35.23809523809524,98.41269841269842,51.54761904761904,96.83257918552036,414.6,107.54894618816188,,14.0,1.0,13.0,77616302.0,65147236.0,0.087340690590058,68972400140652.0,20786830573466.0,0.3013789650798935,69.1675644616821,77.77756757575767,Extreme Greed,0.045272551857211685,0.161456825856247
2025-07-01,97.46031746031746,98.33333333333331,71.34920634920636,44.99999999999999,44.99999999999999,98.96825396825398,51.507936507936506,98.07909604519774,416.26,113.5509048515828,,28.0,0.0,28.0,112558980.0,49406264.0,0.389915233912777,70413288736568.0,20879816352177.0,0.2965323268778583,75.71226795803067,94.7746254655985,Extreme Greed,0.04703790899918325,0.1540623648681112
2025-07-02,96.9047619047619,93.92857142857144,28.809523809523807,42.14285714285714,42.14285714285714,98.65079365079364,51.46825396825396,88.48758465011286,414.43,106.32946707752578,,16.0,0.0,16.0,61726029.0,85193301.0,-0.1597289614647711,66053344761675.0,20879543223355.0,0.3161012254366501,67.8169004622165,74.26979763607294,Greed,0.0612407402938977,0.1597374707429482
2025-07-03,97.85714285714285,95.91269841269842,79.6031746031746,54.6031746031746,54.6031746031746,97.77777777777776,51.42857142857142,90.19165727170235,420.94,115.87970795082408,,19.0,0.0,19.0,125962103.0,41060519.0,0.5083238604648417,66285115962529.0,20779661213218.0,0.3134890979894302,77.74717144467708,100.0,Extreme Greed,0.041953722620801104,0.11186867487052776
2025-07-04,95.7936507936508,75.43650793650794,15.23809523809524,38.01587301587301,38.01587301587301,93.33333333333331,51.388888888888886,86.37387387387388,412.74,100.704010677344,,7.0,0.0,7.0,48597008.0,114326725.0,-0.4034385647178855,65383990120929.0,20807425055355.0,0.3182342499573863,61.69951201201201,58.38250714525378,Greed,0.0193342055531327,0.15137859184959068
2025-07-07,95.47619047619048,88.53174603174602,54.2063492063492,44.2063492063492,44.2063492063492,90.55555555555556,51.34920634920634,92.91338582677166,413.02,108.2739035398353,,13.0,1.0,12.0,67613126.0,48030308.0,0.1693379150259408,67337759454067.0,20798770110974.0,0.3088723218532602,70.18064148231471,80.40860025373414,Extreme Greed,0.02849740932642497,0.14771681758752608
2025-07-08,97.38095238095238,97.85714285714285,79.92063492063492,34.60317460317461,34.60317460317461,92.93650793650794,51.3095238095238,90.3370786516854,421.22,111.12979886253297,,25.0,1.0,24.0,119743038.0,38779902.0,0.5107345094659486,66503811020578.0,20828140559290.0,0.3131871728801412,72.36852372034957,86.09068517580599,Extreme Greed,0.023811784815535697,0.13805137457860495
2025-07-09,97.3015873015873,99.20634920634922,57.85714285714286,36.66666666666667,36.66666666666667,91.42857142857144,51.26984126984127,84.39955106621773,422.02,108.53515294033812,,35.0,0.0,35.0,91187240.0,58144040.0,0.2212744710954061,65195773594856.0,20860067123064.0,0.3199604203286864,69.34954705788039,78.25018924979553,Extreme Greed,0.020520354485569436,0.1691625989289609
2025-07-10,97.93650793650794,99.0079365079365,81.42857142857143,33.33333333333334,33.33333333333334,93.41269841269842,51.23015873015873,85.65022421524664,428.42,111.5280848775318,,34.0,0.0,34.0,118697267.0,37026108.0,0.5244630679241314,65937053365925.0,21014999677899.0,0.3187130544228891,71.91659548722329,84.91699558928971,Extreme Greed,0.016175715419448178,0.18334811633443815
2025-07-11,97.85714285714285,97.2222222222222,44.52380952380952,38.57142857142857,38.57142857142857,94.76190476190476,51.19047619047619,83.76259798432251,428.07,108.2812234091928,,22.0,0.0,22.0,77754489.0,70688361.0,0.0476016729670711,66369232693417.0,21266973916081.0,0.320434229130246,68.3076263353419,75.54424743784146,Extreme Greed,0.0126147592683441,0.17240171000070093
2025-07-14,98.4920634920635,99.76190476190476,48.73015873015873,44.04761904761904,44.04761904761904,93.33333333333331,51.150793650793645,90.15659955257271,432.49,111.35667684622942,,43.0,0.0,43.0,70857294.0,57975725.0,0.0999865492556686,68081493347217.0,21335167826322.0,0.3133769072530799,71.2150114520081,83.0949322264813,Extreme Greed,0.0018497537515318463,0.14890517699831207
2025-07-15,98.4920634920635,96.58730158730158,56.03174603174603,44.12698412698413,44.12698412698413,93.65079365079364,51.11111111111111,84.02234636871509,434.78,111.4365922772999,,22.0,1.0,21.0,81220305.0,54460142.0,0.1972293251657698,66852063488119.0,21400892347590.0,0.3201231380298887,71.01866631196239,82.5850100102025,Extreme Greed,-0.007245043470260781,0.17427204563227394
2025-07-16,97.6984126984127,65.43650793650794,14.126984126984128,38.41269841269841,38.41269841269841,90.71428571428572,51.07142857142857,77.79017857142857,431.16,100.53591049382716,,6.0,1.0,5.0,34660471.0,85054859.0,-0.4209518363270602,65595893572068.0,21471790267694.0,0.3273343665042639,59.20789930555556,51.91161271369834,Neutral,0.013359309768995242,0.2163697931162445
2025-07-17,97.53968253968252,83.65079365079366,72.06349206349206,38.41269841269841,38.41269841269841,90.71428571428572,51.031746031746025,80.93645484949832,431.64,109.3779835194328,,10.0,0.0,10.0,109640716.0,47321541.0,0.3970328675893084,66634991311935.0,21588086054618.0,0.32397522127014,69.09523145936188,77.58971365258624,Extreme Greed,0.011421554999536676,0.21740339171531842
2025-07-18,97.2222222222222,65.35714285714286,53.095238095238095,43.17460317460318,43.17460317460318,85.55555555555556,50.99206349206349,72.82850779510022,431.1,104.72221515183654,,5.0,0.0,5.0,73212675.0,54307961.0,0.1482482725384148,65364423980795.0,21747932605879.0,0.3327181864597912,63.9249920458161,64.16223620224734,Greed,-0.0044305265599629,0.24166086754813265
2025-07-21,97.6984126984127,81.30952380952381,77.77777777777779,43.49206349206349,43.49206349206349,88.96825396825398,50.95238095238095,71.85761957730811,434.56,110.01201064086491,,9.0,0.0,9.0,90795816.0,33264345.0,0.4637384841053044,65265401927787.0,21755411780132.0,0.3333375898642792,69.44351197097303,78.49422277527772,Extreme Greed,-0.019283873343151736,0.23177466863033858
2025-07-22,96.03174603174604,78.0952380952381,14.761904761904765,65.47619047619048,65.47619047619048,64.68253968253968,50.91269841269841,74.55555555555556,428.05,104.22689594356262,,8.0,0.0,8.0,36591490.0,88086994.0,-0.413026388739215,65607844963702.0,21727257718876.0,0.3311685931902923,63.74900793650794,63.70519302293881,Greed,-0.01025581123700503,0.2675855624342951
2025-07-23,96.26984126984128,74.68253968253968,63.01587301587301,65.23809523809524,65.23809523809524,65.07936507936509,50.87301587301587,77.9134295227525,430.04,109.81669499106422,,7.0,0.0,7.0,76342581.0,43091001.0,0.2784106399823125,66402277878938.0,21724910426037.0,0.3271711621948421,69.78878186494724,79.39091311102372,Extreme Greed,-0.013091805413449897,0.2472560692028647
2025-07-24,95.95238095238096,74.64285714285714,41.03174603174603,68.65079365079364,68.65079365079364,71.5079365079365,50.83333333333333,67.1840354767184,430.03,107.60931963850663,,7.0,0.0,7.0,61288630.0,59897391.0,0.011480193742808,64766555925741.0,21827783071116.0,0.3370224455989747,67.30673459331996,72.94486079028715,Greed,-0.0035578913099085785,0.27900379043322565
2025-07-25,95.7936507936508,78.05555555555556,60.39682539682539,70.47619047619048,70.47619047619048,77.38095238095238,50.79365079365079,69.43521594684385,430.78,111.50980353553996,,9.0,1.0,8.0,76039147.0,45441676.0,0.2518707911618281,65162252588896.0,21830925612791.0,0.3350241089810193,71.60102897748246,84.09744704333151,Extreme Greed,0.007219462370583685,0.3131760991689496
2025-07-28,96.34920634920636,81.34920634920636,43.25396825396825,70.23809523809524,70.23809523809524,78.17460317460318,50.75396825396825,82.96460176991151,433.37,111.85463829189491,,9.0,0.0,9.0,81919283.0,76418289.0,0.0347421899332901,67724782261442.0,21783597910736.0,0.3216488437961082,71.6652180783818,84.2641506784911,Extreme Greed,-0.009137688349447282,0.29106767888870944
2025-07-29,96.74603174603176,85.87301587301587,70.95238095238095,70.0,70.0,79.44444444444444,50.71428571428571,81.43646408839778,435.84,115.66740253539515,,11.0,0.0,11.0,92916122.0,41278477.0,0.3847967458064389,67357704019715.0,21788325688282.0,0.3234719176577745,75.64582785231957,94.6020758117282,Extreme Greed,-0.012688142437591754,0.31128395741556547
2025-07-30,97.38095238095238,70.67460317460318,63.96825396825396,70.23809523809524,70.23809523809524,84.84126984126985,50.67460317460317,83.88520971302428,439.81,114.63456474765523,,6.0,0.0,6.0,92491912.0,50732389.0,0.2915673018365787,68236778788349.0,21858078097102.0,0.3203269334400956,73.98763534111217,90.29563257542004,Extreme Greed,-0.018189672813260227,0.30786021236443006
2025-07-31,96.82539682539682,70.63492063492063,36.34920634920635,74.36507936507937,74.36507936507937,76.5079365079365,50.63492063492063,87.21058434399117,438.6,111.7214582251701,,6.0,0.0,6.0,81125270.0,89549469.0,-0.0493582064303025,68685235038871.0,21791845466043.0,0.317271178495791,70.86164050331635,82.17720287864262,Extreme Greed,-0.019334245326037447,0.32115823073415406
2025-08-01,91.34920634920634,36.82539682539683,2.4603174603174605,30.63492063492064,30.63492063492064,61.58730158730158,50.595238095238095,95.15418502202644,420.72,91.10683184548088,Extreme Greed,1.0,0.0,1.0,15326117.0,133993602.0,-0.7947207896902083,71297052005284.0,21769975820013.0,0.3053418789096577,49.905185826166,27.751807822612744,Fear,0.006203650884198497,0.42382106864422875
2025-08-04,92.46031746031748,44.44444444444444,79.44444444444444,28.88888888888889,28.88888888888889,68.33333333333334,50.55555555555556,92.2992299229923,424.79,101.12278921542948,,3.0,1.0,2.0,73437576.0,24799880.0,0.4951033748268074,70294315421631.0,21780211983415.0,0.3098431480949138,60.664387867358165,55.694216526791166,Greed,0.007909790720120435,0.3699475034723041
2025-08-05,93.57142857142856,81.5079365079365,96.5079365079365,32.14285714285714,32.14285714285714,64.60317460317461,50.51587301587301,81.42857142857143,431.25,107.07451499118166,,9.0,0.0,9.0,105231107.0,11403373.0,0.8044596589276173,67008066690550.0,21651177517496.0,0.3231130009687239,66.55257936507937,70.98626632080764,Greed,-0.0020405797101449297,0.3110724637681159
2025-08-06,93.17460317460318,65.23809523809524,58.88888888888889,31.825396825396822,31.825396825396822,62.38095238095238,50.47619047619048,79.80241492864984,430.68,100.4768820820193,,6.0,1.0,5.0,73785411.0,45779582.0,0.2342310094059053,66281130888527.0,21500301246953.0,0.3243804225838068,59.20149234227171,51.8949733768828,Neutral,0.003807931642983098,0.3197269434382837
2025-08-07,94.36507936507935,65.27777777777779,76.03174603174602,34.920634920634924,34.920634920634924,59.76190476190476,50.43650793650794,81.79824561403508,435.35,103.65139236981344,,6.0,1.0,5.0,84482584.0,32906512.0,0.4393599896194788,66876508645396.0,21575252946676.0,0.3226133269168696,62.1890664160401,59.65391455891804,Greed,-0.005719536005512782,0.28168140576547596
2025-08-08,93.41269841269842,81.58730158730158,45.15873015873016,34.12698412698413,34.12698412698413,57.22222222222222,50.39682539682539,81.59912376779846,433.47,101.23342997772716,,9.0,0.0,9.0,60991148.0,54462056.0,0.0565518476213098,67473044853392.0,21787907936030.0,0.3229127718094181,59.70385872494306,53.19965440528062,Neutral,0.0031836113225829354,0.3272198768080834
2025-08-11,92.93650793650794,58.92857142857143,26.984126984126984,37.698412698412696,37.698412698412696,47.53968253968254,50.35714285714285,79.86870897155362,433.29,96.14461845715677,Extreme Greed,4.0,0.0,4.0,43155630.0,63303228.0,-0.1892524340247948,67961833397109.0,22036242310583.0,0.3242443767198368,54.001445764301344,38.3900846122591,Fear,0.018440305569018323,0.3418495695723418
2025-08-12,92.22222222222224,52.18253968253968,25.95238095238096,38.49206349206349,38.49206349206349,39.84126984126984,50.31746031746032,78.14207650273224,431.63,94.14134183363691,Extreme Greed,3.0,0.0,3.0,40525380.0,61343532.0,-0.204362170865239,68083551079388.0,22189194060178.0,0.3259112327191124,51.95525956284153,33.07599431939709,Fear,0.042675439612631205,0.35933554201515183
2025-08-13,93.4920634920635,58.92857142857143,86.82539682539682,34.920634920634924,34.920634920634924,57.85714285714285,50.27777777777778,76.7467248908297,436.92,103.43210523478356,,4.0,0.0,4.0,104797328.0,24544250.0,0.6204739360764564,67833939097570.0,22203145124794.0,0.3273161697547559,61.746118389131496,58.50354720312312,Greed,0.03909182459031402,0.3472718117733222
2025-08-14,93.015873015873,52.06349206349207,19.365079365079367,34.841269841269835,34.841269841269835,56.34920634920635,50.23809523809524,84.07851690294439,436.57,95.70697806858112,Extreme Greed,3.0,0.0,3.0,46199765.0,89800428.0,-0.3205926553354229,69397302537747.0,22211235220247.0,0.3200590571681908,53.09910032715376,36.04662968868798,Fear,0.059944567881439426,0.29058341159493306
2025-08-18,90.47619047619048,52.023809523809526,35.714285714285715,27.38095238095238,27.38095238095238,42.53968253968255,50.198412698412696,75.49019607843138,429.19,92.26605353252413,Extreme Greed,4.0,1.0,3.0,50902496.0,56819860.0,-0.0549316244067294,67601908212870.0,22238800270899.0,0.3289670492861205,50.150560224089645,28.38906248946203,Fear,0.0826207507164658,0.3435774365665556
2025-08-19,89.12698412698413,51.98412698412699,16.984126984126984,28.33333333333333,28.33333333333333,30.87301587301588,50.15873015873016,76.82263329706203,426.18,88.75514267674586,Extreme Greed,3.0,0.0,3.0,29340564.0,65006698.0,-0.3780304085560003,67492991962046.0,22085155945030.0,0.3272214685259377,46.57703551133911,19.108366053437734,Extreme Fear,0.1095077197428318,0.30566896616453154
2025-08-20,88.09523809523809,30.55555555555556,30.23809523809524,32.460317460317455,32.460317460317455,37.38095238095238,50.11904761904762,78.58695652173913,423.66,89.28405337014033,Extreme Greed,1.0,1.0,0.0,63216921.0,83065112.0,-0.1356844076674816,68508197349589.0,22287339753808.0,0.3253236928725246,47.487060041407865,21.471764124470862,Extreme Fear,0.10227540952650704,0.3044894490865315
2025-08-21,88.09523809523809,52.10317460317461,84.12698412698413,33.25396825396825,33.25396825396825,35.23809523809524,50.07936507936508,75.57003257328991,424.41,97.34786958045372,Extreme Greed,4.0,1.0,3.0,104558690.0,29197268.0,0.5634247859074808,67463145085782.0,22150953870369.0,0.3283415536320342,56.465103278010446,44.78837743096631,Fear,0.12000188496972264,0.3293748969157184
2025-08-22,89.20634920634922,44.285714285714285,70.7936507936508,30.31746031746032,30.31746031746032,43.17460317460318,50.03968253968254,75.05422993492408,428.5,95.74323895220498,Extreme Greed,3.0,1.0,2.0,65418430.0,29181113.0,0.38306016975156,66622227787875.0,21939037633584.0,0.3293050737276129,54.14864382123059,38.77236837748917,Fear,0.10487747957992988,0.2610501750291716
2025-08-25,90.7936507936508,59.20634920634921,88.4126984126984,26.111111111111114,26.111111111111114,53.17460317460318,50.0,72.58938244853738,433.89,100.03210069534012,,5.0,1.0,4.0,72436464.0,16038746.0,0.6374409057633206,66124842720561.0,21940022442314.0,0.3317969697868472,58.29986328225765,49.5533789353971,Neutral,0.10233008366175778,0.24642190416925946
2025-08-26,88.57142857142857,44.32539682539682,20.31746031746032,24.206349206349216,24.206349206349216,38.33333333333333,49.96031746031746,84.19913419913419,429.41,89.28108545775213,Extreme Greed,3.0,1.0,2.0,49614289.0,94930860.0,-0.3135115312655702,68274037683403.0,21850072268735.0,0.3200348625938468,46.764971139971145,19.59644817376674,Extreme Fear,0.12139912903751648,0.26829836286998443
2025-08-27,88.73015873015872,75.31746031746032,59.44444444444444,24.52380952380952,24.52380952380952,35.47619047619047,49.920634920634924,76.32432432432432,430.31,96.06342580675914,Extreme Greed,7.0,0.0,7.0,57653537.0,35209097.0,0.2416950611157551,66861746676225.0,21887288351604.0,0.3273514294741986,54.28260403260403,39.12027252149202,Fear,0.11638121354372433,0.2999233111012991
2025-08-28,89.28571428571429,65.75396825396825,30.396825396825395,27.61904761904762,27.61904761904762,31.58730158730158,49.88095238095238,75.91792656587472,431.81,92.20786485652576,Extreme Greed,5.0,0.0,5.0,38010776.0,49486854.0,-0.131158729670735,67359049443999.0,22071191740177.0,0.3276648337878722,49.75759796359148,27.36851170455076,Fear,0.11305898427549144,0.30464787753873224
2025-08-29,87.77777777777777,78.84920634920634,37.85714285714285,27.38095238095238,27.38095238095238,30.71428571428572,49.84126984126984,69.14778856526429,430.12,93.2299306518724,Extreme Greed,9.0,1.0,8.0,43087732.0,45682786.0,-0.0292332866639349,66299201945325.0,22155069819066.0,0.3341679713933304,51.11867198335645,30.90331720325834,Fear,0.08813819399237421,0.28801264763321854
2025-09-01,85.07936507936508,52.3015873015873,7.222222222222221,72.93650793650794,72.93650793650794,52.46031746031746,49.8015873015873,79.41810344827586,423.33,99.49846652070792,Extreme Greed,4.0,1.0,3.0,15522033.0,60712249.0,-0.5927807649582113,68477259002819.0,22222668739848.0,0.3245262597168669,59.01952483579639,51.42239089192277,Neutral,0.12257576831313632,0.30857723289159766
2025-09-02,87.06349206349206,71.38888888888889,59.523809523809526,71.74603174603175,71.74603174603175,54.20634920634921,49.76190476190476,65.9849300322928,428.15,106.61904866320008,,6.0,0.0,6.0,50625509.0,30944305.0,0.2412804815271492,66185769238009.0,22260275344479.0,0.336330235347562,66.4276797461001,70.66189317611222,Greed,0.10715870606096001,0.3213126240803459
2025-09-03,87.3015873015873,71.34920634920636,49.76190476190476,78.01587301587301,78.01587301587301,44.44444444444444,49.72222222222222,63.11827956989247,430.37,105.78882118677818,,6.0,0.0,6.0,44950324.0,35981543.0,0.1108189064759867,65459550588358.0,22185984499462.0,0.3389266241526532,65.21617383512545,67.51552663495275,Greed,0.113855519669122,0.32627738922322647
2025-09-04,87.61904761904762,52.3015873015873,80.0,77.14285714285714,77.14285714285714,50.07936507936508,49.68253968253968,66.59505907626209,432.32,108.09814589383512,,3.0,0.0,3.0,60037125.0,19908672.0,0.5019457495682982,65940332659090.0,22151248291534.0,0.3359286706370658,67.5704141305645,73.62965519868355,Greed,0.14130736491487794,0.317889526276832
2025-09-05,87.53968253968254,59.36507936507937,21.825396825396822,80.07936507936508,80.07936507936508,41.82539682539682,49.642857142857146,59.871244635193136,432.86,101.45426527692622,,4.0,0.0,4.0,33905894.0,59893685.0,-0.2770565846569524,64979582274046.0,22220955006921.0,0.341968264942147,60.028548436542,54.04289655175248,Neutral,0.17121009102250162,0.3417964237859814
2025-09-08,87.61904761904762,78.92857142857143,67.14285714285714,79.92063492063492,79.92063492063492,49.28571428571429,49.60317460317461,63.558413719185424,434.85,110.0921165155356,,8.0,0.0,8.0,49129328.0,24760569.0,0.3297982537450282,65800881125727.0,22253675114228.0,0.3381972206680254,69.49738107997754,78.63412466154875,Extreme Greed,0.15412211107278373,0.35488099344601576
2025-09-09,90.15873015873017,71.46825396825398,78.4920634920635,74.60317460317461,74.60317460317461,62.142857142857146,49.56349206349206,77.1948608137045,441.28,113.27851187171672,,6.0,0.0,6.0,72257369.0,25887740.0,0.4724599062801998,68378500194076.0,22342404342125.0,0.3267460426700123,72.27832585568132,85.85643494152696,Extreme Greed,0.1260197606961566,0.3274111675126905
2025-09-10,92.53968253968254,84.4047619047619,96.5079365079365,65.47619047619048,65.47619047619048,77.61904761904762,49.523809523809526,87.91443850267379,450.05,118.83467306114365,,10.0,0.0,10.0,107885854.0,11487188.0,0.8075413375157182,70590693075089.0,22380974058712.0,0.3170527598433525,77.43275719378661,99.24285770183462,Extreme Greed,0.1344295078324631,0.3010109987779135
2025-09-11,93.57142857142856,94.28571428571428,76.74603174603175,67.61904761904762,67.61904761904762,75.31746031746032,49.48412698412699,88.78205128205128,454.0,118.6027676027676,,17.0,0.0,17.0,96325367.0,37030458.0,0.4446368128276361,71011813233318.0,22436243350112.0,0.3159508584352716,76.67811355311355,97.28299479072236,Extreme Greed,0.1551762114537445,0.27788546255506597
2025-09-12,96.03174603174604,86.38888888888889,82.46031746031746,59.20634920634921,59.20634920634921,85.0,49.44444444444444,94.13020277481324,462.74,119.40092200143428,,11.0,0.0,11.0,93829069.0,29081631.0,0.5267843889913572,72887328444831.0,22407224520074.0,0.307422771532012,76.48353725161355,96.7776663732575,Extreme Greed,0.13558369710852758,0.2705406923974585
2025-09-15,96.26984126984128,88.4920634920635,65.23809523809524,71.26984126984127,71.26984126984127,91.82539682539682,49.40476190476191,97.01492537313432,464.65,121.71497407144172,,12.0,0.0,12.0,82561932.0,43865800.0,0.3060731327522351,74764367219882.0,22501290359802.0,0.3009627606908744,78.84809583037195,100.0,Extreme Greed,0.15200688690412134,0.2363929839664265
2025-09-16,97.85714285714285,88.45238095238095,72.77777777777777,70.31746031746032,70.31746031746032,95.63492063492065,49.36507936507937,97.12460063897764,472.85,123.85520254013332,,12.0,0.0,12.0,95537526.0,40895184.0,0.4005076348626367,74928122362497.0,22527933556682.0,0.300660591062104,80.23085285764998,100.0,Extreme Greed,0.13202918473088698,0.18752247012794743
2025-09-17,96.1904761904762,78.69047619047619,17.142857142857142,64.84126984126985,64.84126984126985,94.76190476190476,49.32539682539683,90.85106382978724,466.99,113.73719051371536,,8.0,0.0,8.0,33227239.0,72273652.0,-0.370105054373427,73025829121864.0,22779657161546.0,0.3119397264703668,69.58058932792976,78.85022236683749,Extreme Greed,0.16188783485727742,0.22619328037002928
2025-09-18,97.93650793650794,88.4126984126984,76.74603174603175,60.79365079365079,60.79365079365079,96.5079365079365,49.28571428571429,91.28586609989372,475.34,121.9002285084538,,12.0,0.0,12.0,82154286.0,31605647.0,0.4443448380019703,73606506816737.0,22881479953168.0,0.3108621906231407,77.72025707201053,99.9895152205779,Extreme Greed,0.12839230866327278,0.1899903227163715
2025-09-19,97.14285714285714,90.11904761904762,27.3015873015873,58.25396825396825,58.25396825396825,95.15873015873017,49.24603174603175,86.30573248407643,473.44,115.02465810669634,,14.0,1.0,13.0,53019326.0,77234211.0,-0.1859057769770966,72551874275021.0,23036952461726.0,0.3175238778036287,70.22274037003336,80.51793404281274,Extreme Greed,0.16173115917539715,0.20057451841838447
2025-09-22,98.09523809523807,75.35714285714286,55.3968253968254,59.76190476190476,59.76190476190476,94.6031746031746,49.2063492063492,89.07741251325557,478.29,117.72777246619948,,8.0,1.0,7.0,62431655.0,42859235.0,0.1858890166091292,73560788495095.0,23160994580271.0,0.3148551701809907,72.6574940244744,86.84116149461782,Extreme Greed,0.1827343243638797,0.2183612452696062
2025-09-23,98.4126984126984,65.67460317460318,55.55555555555556,67.46031746031747,67.46031746031747,96.58730158730158,49.16666666666666,91.3135593220339,481.54,119.24122440438823,,7.0,2.0,5.0,65681854.0,44829108.0,0.188693914364803,74921263852937.0,23286690756676.0,0.31081550896399,73.95387745493677,90.20796095731204,Extreme Greed,0.1619180130414919,0.21410474726917794
2025-09-24,97.93650793650794,59.285714285714285,48.65079365079365,65.55555555555556,65.55555555555556,96.03174603174604,49.12698412698413,91.53439153439152,480.39,117.11858318636096,,5.0,1.0,4.0,59730907.0,48715841.0,0.1015711969528122,75197067198717.0,23364312603906.0,0.3107077639366318,71.70965608465609,84.37955932390562,Extreme Greed,0.18967921896792195,0.2161160723578761
2025-09-25,97.3015873015873,59.32539682539682,51.42857142857142,64.76190476190476,64.76190476190476,95.71428571428572,49.08730158730158,92.38900634249472,480.63,117.266662080383,,4.0,0.0,4.0,61622080.0,47694481.0,0.1274061210176562,75995189051826.0,23519905824657.0,0.309492036510591,71.84624484043088,84.73428998363694,Extreme Greed,0.19678338846930088,0.22772194827622094
2025-09-26,93.0952380952381,19.365079365079367,3.8095238095238098,33.33333333333334,33.33333333333334,91.82539682539682,49.04761904761904,90.60190073917634,468.03,98.0490471720778,Extreme Greed,0.0,3.0,-3.0,15436285.0,96525297.0,-0.7242574689593079,75617889005025.0,23537789589013.0,0.3112727675781699,51.801428068587526,32.67648304824861,Fear,0.23808302886567123,0.2941264448860117
2025-09-29,95.0,52.34126984126984,91.74603174603176,45.238095238095234,45.238095238095234,96.74603174603176,49.007936507936506,94.9367088607595,475.22,116.16379657535776,,4.0,1.0,3.0,68003892.0,12678103.0,0.6857265862104674,76808482386028.0,23463228023159.0,0.305477042304212,71.28177114727748,83.2683118770392,Extreme Greed,0.2605319641429231,0.27515676949623336
2025-09-30,94.28571428571428,36.90476190476191,13.333333333333334,44.6031746031746,44.6031746031746,95.07936507936508,48.96825396825397,93.88830347734458,474.03,105.07734236168024,,2.0,1.0,1.0,24872135.0,63929738.0,-0.4398285946063322,76447368886830.0,23492839699169.0,0.3073073676864795,58.9582601568903,51.26328218752533,Neutral,0.22764382001139194,0.3167310085859545
2025-10-01,95.71428571428572,52.46031746031746,63.96825396825396,43.888888888888886,43.888888888888886,95.71428571428572,48.92857142857142,95.26315789473684,479.37,113.244072217581,,5.0,2.0,3.0,63301872.0,34810454.0,0.2903959080533877,76530135772126.0,23345839088394.0,0.3050541966619257,67.47833124477862,73.39050943123367,Greed,0.17946471410392806,0.3533178964056991
2025-10-02,98.57142857142858,79.24603174603175,91.9047619047619,25.87301587301588,25.87301587301588,98.17460317460318,48.888888888888886,84.01682439537329,493.41,116.2176189363466,,9.0,1.0,8.0,132113750.0,24188711.0,0.6904884178375157,73135876414991.0,23341254762552.0,0.3191491769389343,69.06857130338992,77.52047534184221,Extreme Greed,0.15194260351431876,0.33651527127541003
2025-10-10,99.12698412698413,88.84920634920634,69.84126984126983,19.6031746031746,19.6031746031746,99.44444444444444,48.84920634920635,95.3781512605042,506.97,116.4072901753294,,13.0,1.0,12.0,119001368.0,55898682.0,0.3607928413971294,76322460377145.0,23243706159914.0,0.3045460804729822,67.58695144724557,73.67260377979615,Greed,0.10061739353413413,0.31068899540406725
2025-10-13,98.8095238095238,66.15079365079364,25.23809523809524,14.76190476190476,14.76190476190476,98.57142857142856,48.80952380952381,99.16054564533052,501.87,107.570413360945,,5.0,0.0,5.0,53469685.0,83557496.0,-0.2195754942955441,80190101290165.0,23267747570457.0,0.2901573535399773,58.28296503106314,49.50949298182405,Neutral,0.14633271564349326,0.3234104449359394
2025-10-14,98.25396825396824,36.90476190476191,10.634920634920634,11.111111111111114,11.111111111111114,96.984126984127,48.76984126984127,98.42767295597484,496.89,101.00972380286844,,2.0,1.0,1.0,42273467.0,124186145.0,-0.4920874019578996,79974886764071.0,23558561208886.0,0.294574486593331,51.524689278227015,31.957772835823185,Fear,0.17009800961983523,0.3448650606774135
2025-10-15,98.88888888888889,71.7063492063492,97.93650793650794,9.365079365079367,9.365079365079367,97.53968253968254,48.73015873015873,96.12565445026178,510.55,115.57860005355644,,7.0,1.0,6.0,115208646.0,8631531.0,0.8606020887712394,78651416877161.0,23828838678800.0,0.302967697530691,66.20717506025098,70.08922691056638,Greed,0.14921163451180108,0.31791205562628533
2025-10-16,99.52380952380952,88.80952380952381,91.82539682539682,7.61904761904762,7.61904761904762,98.57142857142856,48.69047619047619,90.7949790794979,524.45,117.54485658202536,,12.0,0.0,12.0,127012336.0,23291339.0,0.690076253957197,76537436241476.0,23775821518570.0,0.3106430354363734,66.6817136547785,71.32163720488272,Greed,0.12241395747926376,0.2979502335780342
2025-10-17,99.44444444444444,84.44444444444444,55.158730158730165,8.095238095238102,8.095238095238102,97.53968253968254,48.65079365079365,94.8798328108673,525.48,113.5320449154932,,11.0,1.0,10.0,91648007.0,63017033.0,0.1851160029441688,78314510320634.0,23879968646817.0,0.3049239349010549,62.03855052992984,59.26301415663335,Greed,0.07221968485955688,0.3050163659891907
2025-10-20,99.68253968253968,92.65873015873017,94.04761904761904,7.61904761904762,7.61904761904762,98.33333333333331,48.61111111111111,97.39039665970772,535.28,120.13798058123736,,15.0,0.0,15.0,105457162.0,16761196.0,0.7257172118119931,80625740827531.0,24055155058515.0,0.2983557708942125,68.24522815389203,75.3821949471647,Extreme Greed,0.07728665371394405,0.30098266327903156
2025-10-21,99.52380952380952,92.61904761904762,38.41269841269842,8.095238095238102,8.095238095238102,97.06349206349206,48.57142857142857,97.49739311783108,535.28,113.90648283319815,,15.0,0.0,15.0,78028652.0,80844743.0,-0.0177253781226239,80329779791448.0,23926312744186.0,0.2978510934089878,61.23479318734794,57.17559948782959,Greed,0.03954939470931107,0.3163951576744881
2025-10-22,99.84126984126983,97.61904761904762,91.26984126984128,9.603174603174608,9.603174603174608,99.2063492063492,48.53174603174603,96.35416666666669,542.59,121.62430776014112,,24.0,0.0,24.0,99766859.0,19386922.0,0.6745898982425073,80480302822211.0,24241954088370.0,0.3012159899786024,69.00359623015873,77.35173048094467,Extreme Greed,0.018559133047052034,0.31583700399933656
2025-10-23,99.28571428571428,84.16666666666667,15.23809523809524,8.333333333333343,8.333333333333343,96.66666666666669,48.49206349206349,94.6930280957336,536.37,110.17543345684518,,11.0,1.0,10.0,38559217.0,90155556.0,-0.40085794192404,80168380531682.0,24419952265935.0,0.3046082770286771,56.90111263895084,45.92072458046682,Neutral,0.051885825083431314,0.3208792438055821
2025-10-24,99.84126984126983,97.77777777777776,89.04761904761904,7.61904761904762,7.61904761904762,99.12698412698413,48.45238095238095,90.64449064449065,550.01,121.1265130698464,,26.0,0.0,26.0,130518028.0,28217520.0,0.6444713190519871,79482481038113.0,24651837607023.0,0.3101543545828934,67.5160772035772,73.48853835602223,Greed,-0.017545135542990087,0.2998672751404521
2025-10-27,100.0,99.0873015873016,95.31746031746032,6.349206349206355,6.349206349206355,99.6031746031746,48.41269841269841,93.87331256490135,565.69,123.85359557599436,,36.0,1.0,35.0,159695269.0,21315916.0,0.7644795706961424,81091075490046.0,24776659521873.0,0.3055411384316188,68.62404502299361,76.36600915010915,Extreme Greed,-0.04398168608248354,0.2768477434637344
2025-10-28,99.92063492063492,95.87301587301587,59.76190476190476,5.476190476190482,5.476190476190482,99.12698412698413,48.37301587301587,98.02904564315352,559.51,119.06077579456556,,21.0,1.0,20.0,102263410.0,61882197.0,0.2460084904983171,83873131403174.0,24823045443595.0,0.2959594452754106,64.00462276888625,64.3690428223774,Greed,-0.026612571714535904,0.2998695286947508
2025-10-29,100.0,96.94444444444444,78.96825396825396,5.317460317460316,5.317460317460316,99.76190476190476,48.333333333333336,98.65284974093264,571.51,122.75618965375442,,23.0,1.0,22.0,139078910.0,48767991.0,0.4807687458202997,85915908253594.0,25096805676880.0,0.2921089491692612,66.66196336047372,71.270344293626,Greed,-0.021241973018844784,0.2598904656086507
2025-10-30,100.0,91.26984126984128,37.22222222222222,5.714285714285722,5.714285714285722,99.84126984126983,48.29365079365079,98.03312629399586,575.21,117.92207576106128,,15.0,1.0,14.0,97488470.0,105235770.0,-0.0382159528628643,85713610066623.0,25272595111091.0,0.2948492671286072,60.76108523119393,55.94534642012072,Greed,-0.020601171745971092,0.29540515637767073
2025-10-31,100.0,93.33333333333331,69.6031746031746,11.03174603174604,11.03174603174604,99.92063492063492,48.25396825396825,96.8976215098242,579.46,123.28135829826972,,16.0,0.0,16.0,139068008.0,65629570.0,0.3587655443583216,85456931799285.0,25526890680066.0,0.2987105919040212,66.25902808555342,70.22389288486465,Greed,-0.043937459013564384,0.3093569875401234
2025-11-03,100.0,97.42063492063492,71.34920634920636,8.174603174603178,8.174603174603178,99.92063492063492,48.21428571428572,98.34710743801652,599.03,125.6256750768872,,25.0,1.0,24.0,118226521.0,51982561.0,0.3891916883730094,86770436172691.0,25461863510102.0,0.2934393859612237,66.4501344614981,70.72020966023295,Greed,-0.07523830192143954,0.2780495133799643
2025-11-04,99.68253968253968,85.9920634920635,24.365079365079364,4.285714285714278,4.285714285714278,99.76190476190476,48.17460317460318,98.24561403508773,581.94,116.3036925647452,,11.0,0.0,11.0,60930999.0,98722304.0,-0.2367085696936693,86822039736239.0,25511750638863.0,0.2938395678835284,58.09915413533835,49.0321230845994,Neutral,-0.027872289239440518,0.3204282228408426
2025-11-05,99.04761904761904,22.460317460317462,3.412698412698413,3.3333333333333286,3.3333333333333286,99.12698412698413,48.13492063492063,98.55670103092784,565.4,104.75621193112602,,1.0,3.0,-2.0,33127882.0,218491351.0,-0.7366824339695845,88270868654027.0,25822465061571.0,0.2925366596626661,47.17573842251677,20.66323986029249,Extreme Fear,0.009533073929961056,0.28309161655465176
2025-11-06,99.12698412698413,75.11904761904762,28.57142857142857,3.492063492063494,3.492063492063494,97.46031746031746,48.095238095238095,96.9104016477858,568.38,113.40528272276984,,8.0,1.0,7.0,86056482.0,120212670.0,-0.1655903835780543,86955672901032.0,25878152016552.0,0.2976016532699947,56.53344306311608,44.9658606865894,Fear,0.002410359266687756,0.3715120166086068
2025-11-07,98.17460317460316,44.52380952380952,17.539682539682538,3.492063492063494,3.492063492063494,92.06349206349206,48.05555555555556,92.6954732510288,557.98,106.44630478803316,,5.0,3.0,2.0,57676840.0,122459122.0,-0.3596299222028747,85722161480922.0,26216546863107.0,0.3058316123881414,50.00459288653733,28.009974989503178,Fear,0.04091544499802846,0.4165023835979784
2025-11-10,99.20634920634922,92.14285714285714,96.74603174603176,3.3333333333333286,3.3333333333333286,97.22222222222224,48.01587301587302,86.8448098663926,575.31,122.46164554071028,,15.0,0.0,15.0,135730240.0,13565611.0,0.8182720965232986,83109659503231.0,26119764952632.0,0.3142807359428125,65.85560123329908,69.17616481499732,Greed,0.02409135944099705,0.3157254349828791
2025-11-11,99.44444444444444,81.46825396825396,57.14285714285714,3.5714285714285694,3.5714285714285694,98.8095238095238,47.97619047619048,87.782340862423,581.41,117.90849642739444,,9.0,0.0,9.0,108236129.0,70373899.0,0.2119826665051527,83030407753587.0,25991776203679.0,0.3130392455835691,59.97080848081874,53.89294180276613,Neutral,0.007481811458351251,0.28669957517070577
2025-11-12,99.44444444444444,96.23015873015872,59.285714285714285,3.8888888888888857,3.8888888888888857,97.14285714285714,47.93650793650794,85.84615384615384,586.73,120.04373490706824,,21.0,0.0,21.0,88197564.0,54487291.0,0.2362568402932462,82468593038001.0,26009765690619.0,0.3153899531017082,61.70795177045176,58.40442579486974,Greed,-0.0020622773677841932,0.33100403933666267
2025-11-13,99.36507936507935,94.56349206349206,56.74603174603175,4.206349206349202,4.206349206349202,94.76190476190476,47.8968253968254,83.19672131147541,588.65,119.28808367305636,,18.0,0.0,18.0,91806730.0,60474970.0,0.205748688122079,82584491194209.0,26251500058718.0,0.3178744541391424,60.61784413218839,55.57333915449591,Greed,-0.014422831903508015,0.32635691837254743
2025-11-14,97.38095238095238,78.17460317460318,2.380952380952381,2.9365079365079367,2.9365079365079367,86.74603174603175,47.85714285714286,81.78096212896622,563.43,107.0692956157405,,8.0,0.0,8.0,15044556.0,131109208.0,-0.794127012698763,82724559100654.0,26403330800753.0,0.3191716110402849,50.02420756770808,28.060915703858846,Fear,0.04348366256677849,
2025-11-17,98.09523809523807,85.71428571428571,50.07936507936508,2.9365079365079367,2.9365079365079367,88.17460317460318,47.81746031746032,90.1840490797546,576.65,115.8431130370803,,11.0,0.0,11.0,63624166.0,50527366.0,0.1147317059222648,85944802015823.0,26602943386857.0,0.3095352221761965,58.24225216671536,49.40375879347364,Neutral,-0.003745772999219521,
2025-11-18,96.58730158730158,30.5952380952381,3.015873015873016,2.539682539682545,2.539682539682545,74.04761904761904,47.77777777777778,62.92134831460674,556.45,97.3860581019757,Extreme Greed,5.0,5.0,0.0,15929909.0,110951320.0,-0.7489004618642211,79661501845391.0,26796567779154.0,0.3363803990434606,40.003065364722666,2.0353006028078693,Extreme Fear,0.009111330757480385,
2025-11-19,96.03174603174604,70.63492063492063,29.12698412698413,2.6190476190476204,2.6190476190476204,61.42857142857142,47.73809523809524,64.18367346938776,552.66,103.00467624086671,,7.0,1.0,6.0,50902179.0,69647855.0,-0.1555012087346238,80027610655528.0,26835841178680.0,0.3353322804324695,46.79776077097506,19.68160516470926,Extreme Fear,0.036116237831578246,
2025-11-20,96.82539682539682,59.20634920634921,96.74603174603176,2.4603174603174693,2.4603174603174693,80.07936507936508,47.6984126984127,55.147808358817535,564.2,111.64711098166757,,6.0,2.0,4.0,105234979.0,10866675.0,0.8128075763675167,78212051175362.0,26847119861518.0,0.3432606543117393,55.077999854376,41.18597172933826,Fear,0.002570010634526554,
2025-11-21,91.34920634920634,30.5952380952381,2.142857142857143,1.3492063492063409,1.3492063492063409,31.58730158730158,47.65873015873016,59.47046843177189,540.36,89.540246051502,Extreme Greed,3.0,3.0,0.0,10356260.0,96314974.0,-0.8058284391835198,78826324519270.0,26761246757496.0,0.3394963157384549,33.18777680793974,0.0,Extreme Fear,0.05189133170478932,
2025-11-24,91.11111111111111,25.99206349206349,38.41269841269842,2.38095238095238,2.38095238095238,13.57142857142857,47.61904761904761,66.73448626653104,540.81,92.11252669275387,Extreme Greed,2.0,3.0,-1.0,78534732.0,83112562.0,-0.0283198678228415,80195334931864.0,26761702308591.0,0.3337064722197173,36.02534252934813,0.0,Extreme Fear,0.07751335959024441,
2025-11-25,91.58730158730158,36.90476190476191,54.12698412698413,2.4603174603174693,2.4603174603174693,24.603174603174608,47.57936507936508,42.27642276422764,544.62,94.06873833182776,Extreme Greed,5.0,4.0,1.0,59878198.0,42651825.0,0.1680129633834179,75622307352893.0,26666985682356.0,0.3526338538959672,37.74983062330624,0.0,Extreme Fear,0.07348242811501593,
2025-11-26,94.76190476190476,85.67460317460316,99.84126984126983,1.825396825396837,1.825396825396837,29.04761904761905,47.53968253968254,59.08629441624365,559.37,108.77468527023518,,11.0,0.0,11.0,117029157.0,2044810.0,0.9656547933772964,77954553168983.0,26492118769218.0,0.3398405569946726,52.45027092901458,34.36157384972519,Fear,0.04440710084559418,
2025-11-27,95.55555555555556,85.63492063492063,41.98412698412699,1.825396825396837,1.825396825396837,29.6031746031746,47.5,57.40365111561866,563.36,102.7435802826878,,12.0,1.0,11.0,45870570.0,44199852.0,0.0185490193439973,77471171863836.0,26444081833548.0,0.3413409297593477,45.166527818023766,15.44517780805388,Extreme Fear,0.04742970746946895,
2025-11-28,92.22222222222224,65.39682539682539,26.984126984126984,1.507936507936506,1.507936507936506,13.650793650793643,47.460317460317455,59.6757852077001,554.0,95.8228826597621,Extreme Greed,8.0,3.0,5.0,36899792.0,54628859.0,-0.1936996427490229,77911992240798.0,26445064697251.0,0.3394222626924851,38.55074299223236,0.0,Extreme Fear,0.093303249097473,
2025-12-01,91.66666666666666,70.67460317460318,45.0,3.253968253968253,3.253968253968253,4.523809523809518,47.42063492063492,69.73684210526315,553.96,98.83227698876824,Extreme Greed,8.0,2.0,6.0,49505881.0,44992409.0,0.0477624727389246,80176651345101.0,26582351319869.0,0.3315472880683392,41.94131161236424,7.069063200962404,Extreme Fear,0.09390569716224983,
2025-12-02,94.36507936507935,85.59523809523809,92.53968253968254,3.3333333333333286,3.3333333333333286,23.96825396825397,47.38095238095238,50.25278058645096,565.72,107.387628178036,,13.0,2.0,11.0,97702557.0,16762790.0,0.7071115330651119,77067324030692.0,26799037394529.0,0.3477354083795138,50.0960817002905,28.24757790986514,Fear,0.1033196634377429,
2025-12-03,95.3968253968254,90.83333333333331,71.26984126984127,3.80952380952381,3.80952380952381,55.15873015873016,47.34126984126984,48.989898989899,570.79,109.71099406766072,,15.0,1.0,14.0,76442460.0,33762275.0,0.3872808641116917,76964366434461.0,26831012403403.0,0.348616036828562,52.076118326118326,33.38987307602164,Fear,0.13656511151211492,
2025-12-04,94.2063492063492,90.7936507936508,45.71428571428572,3.8888888888888857,3.8888888888888857,48.09523809523809,47.3015873015873,50.75681130171544,569.75,106.04396668784491,,16.0,2.0,14.0,60696370.0,54194751.0,0.0565893947540123,77406997771000.0,26895874195205.0,0.3474605005967736,48.08071252382554,23.01352161061681,Extreme Fear,0.15743747257569107,
2025-12-05,96.34920634920636,87.85714285714286,93.015873015873,3.968253968253961,3.968253968253961,75.15873015873015,47.26190476190476,51.61290322580645,580.81,115.55580758946353,,12.0,0.0,12.0,112829087.0,18801476.0,0.7143296272310253,78137069704151.0,27076309426145.0,0.3465232255146443,57.39903353814643,47.21386037384707,Neutral,0.14405743702759954,
2025-12-08,96.9047619047619,87.81746031746032,45.31746031746032,4.206349206349202,4.206349206349202,64.68253968253968,47.22222222222222,53.57502517623364,589.17,110.34468533704182,,13.0,1.0,12.0,60121962.0,54162852.0,0.0521426232535146,79385990185515.0,27355466520128.0,0.3445880873464164,50.49152100417206,29.27456175164547,Fear,0.12731469694655195,
2025-12-09,96.34920634920636,77.61904761904762,33.80952380952381,4.285714285714278,4.285714285714278,53.01587301587302,47.18253968253968,60.06036217303823,585.76,106.92977569118416,,9.0,1.0,8.0,44533923.0,53801166.0,-0.0942414665430363,80575402928781.0,27333486723999.0,0.3392286694260595,47.07599765258216,20.404206026062752,Extreme Fear,0.14082559409997275,
2025-12-10,95.95238095238096,64.84126984126985,9.761904761904765,4.365079365079367,4.365079365079367,44.04761904761904,47.14285714285714,58.79396984924623,585.52,101.64335114727074,,7.0,2.0,5.0,20884145.0,67436141.0,-0.5270815812349159,80566458859975.0,27406497424880.0,0.3401725459041542,41.15877004067959,5.0367473897798245,Extreme Fear,0.1491665528077606,
2025-12-11,94.12698412698413,70.15873015873015,22.301587301587304,4.365079365079367,4.365079365079367,34.36507936507937,47.1031746031746,64.2570281124498,580.16,102.35586026646268,,9.0,3.0,6.0,53828069.0,94061881.0,-0.2720523740795098,81641530829336.0,27391214965183.0,0.3355058961650508,42.63034279977052,8.858525930142482,Extreme Fear,0.1733142581356868,
2025-12-12,95.71428571428572,82.93650793650794,94.76190476190476,5.634920634920633,5.634920634920633,76.34920634920636,47.06349206349206,74.92477432296891,587.93,118.9944458242452,,10.0,0.0,10.0,115410181.0,16384440.0,0.7513640560489946,83941863490943.0,27379592478826.0,0.3261732744565547,60.377501552275874,54.94915247492428,Neutral,0.16639736022995932,
2025-12-15,91.1904761904762,64.64285714285715,12.46031746031746,5.634920634920633,5.634920634920633,42.6984126984127,47.023809523809526,70.44088176352705,574.49,101.57962178324904,,5.0,0.0,5.0,33281327.0,89322031.0,-0.4570894705836686,82864679102160.0,27418784394122.0,0.3308862677223266,42.46582450615517,8.431260285170488,Extreme Fear,0.21218820170934216,
2025-12-16,87.38095238095238,44.16666666666666,10.07936507936508,7.222222222222214,7.222222222222214,54.84126984126984,46.98412698412698,77.17717717717719,561.52,99.62155584155585,Extreme Greed,2.0,0.0,2.0,33331617.0,106084116.0,-0.5218385144523108,84352786393497.0,27337687290376.0,0.3240875430344236,41.88425032175032,6.9208709932672825,Extreme Fear,0.25487961248041024,
2025-12-17,89.68253968253968,64.60317460317461,53.80952380952381,6.349206349206355,6.349206349206355,71.66666666666667,46.94444444444444,71.5,572.62,109.28052910052912,,5.0,0.0,5.0,69558656.0,50342116.0,0.1602703608947572,83526292802689.0,27528779409852.0,0.3295822008392279,51.36309523809524,31.538101683981782,Fear,0.24683035870210612,
2025-12-18,87.3015873015873,44.04761904761904,8.333333333333332,7.142857142857139,7.142857142857139,48.09523809523809,46.90476190476191,65.63436563436562,565.65,97.80584662251329,Extreme Greed,2.0,0.0,2.0,23807755.0,83685483.0,-0.5570371598630232,81710725579529.0,27344531864019.0,0.3346504595336702,39.32532745032745,0.2751673024158034,Extreme Fear,0.25250596658711233,
2025-12-19,87.53968253968254,51.66666666666667,74.84126984126985,14.841269841269847,14.841269841269847,80.07936507936508,46.86507936507937,62.6746506986028,568.4,111.30547265257844,,4.0,1.0,3.0,105168228.0,42966882.0,0.4198960395006963,81034422005474.0,27266021376797.0,0.3364745586135622,54.16865673415075,38.82434332786516,Fear,0.25781140042223805,
2025-12-22,91.26984126984128,64.56349206349206,92.61904761904762,11.42857142857143,11.42857142857143,88.17460317460318,46.82539682539682,66.99900299102691,582.73,117.33761408895008,,6.0,1.0,5.0,99494052.0,16886449.0,0.7098062157336821,81719603624774.0,27243929555401.0,0.3333830359786739,59.16356585006884,51.79647559407409,Neutral,0.23951057951366828,
2025-12-23,91.34920634920634,51.54761904761904,73.80952380952381,11.507936507936506,11.507936507936506,86.74603174603175,46.785714285714285,63.04780876494024,584.64,113.43797522432315,,4.0,1.0,3.0,92673194.0,38729112.0,0.4105261440389029,81076937771308.0,27265130963497.0,0.3362871330982329,54.53772212736355,39.78283225820015,Fear,0.24399630541871908,
2025-12-24,90.63492063492065,58.41269841269842,13.968253968253968,15.873015873015872,15.873015873015872,76.74603174603175,46.74603174603175,73.33333333333333,584.21,108.42192239858906,,4.0,0.0,4.0,27331680.0,67422606.0,-0.423104090510481,83304001864995.0,27270109787353.0,0.3273565396239639,48.9484126984127,25.26700033684352,Fear,0.23250201126307313,
2025-12-26,92.14285714285714,30.63492063492064,30.87301587301588,15.634920634920633,15.634920634920633,78.17460317460318,46.70634920634921,82.50497017892644,590.08,109.15406194227933,,2.0,2.0,0.0,52280928.0,68085826.0,-0.1313061744607651,85425076468546.0,27247572464284.0,0.3189645662689773,49.03831968506422,25.50049514033913,Fear,0.2627609815618219,
2025-12-29,95.7936507936508,58.53174603174603,80.0,14.523809523809533,14.523809523809533,90.55555555555556,46.66666666666666,85.8987090367428,605.69,121.35377190355342,,7.0,3.0,4.0,82244339.0,28222784.0,0.4890283509963412,86475780419881.0,27294509596876.0,0.3156318389304865,60.811743391497615,56.07690924550385,Greed,0.25265399791972776,
2025-12-30,95.47619047619048,51.66666666666667,36.42857142857142,14.682539682539684,14.682539682539684,90.71428571428572,46.62698412698413,88.0952380952381,605.98,116.03922398589066,,5.0,2.0,3.0,42744668.0,47659138.0,-0.0543613174870093,87398578663073.0,27299547528297.0,0.3123568820671382,54.79662698412699,40.45522648367184,Fear,0.2633915310736328,
2026-01-02,97.14285714285714,64.84126984126985,65.15873015873017,11.825396825396822,11.825396825396822,92.61904761904762,46.58730158730159,92.66600594648166,624.17,122.98177843849795,,8.0,3.0,5.0,81255745.0,43946160.0,0.2979953459973313,89521074980799.0,27420699989219.0,0.3063044092701115,60.33325074331021,54.83422999416081,Neutral,0.2310908887001939,
2026-01-05,98.57142857142858,70.35714285714286,93.65079365079364,7.936507936507937,7.936507936507937,96.42857142857144,46.54761904761905,90.1980198019802,648.74,128.9296212478391,,8.0,2.0,6.0,142481497.0,23192448.0,0.7200229885272545,89130391325315.0,27622355966790.0,0.3099095107298675,63.95332390381896,64.23581604140583,Greed,0.11826001171501677,
2026-01-06,99.20634920634922,74.48412698412699,92.38095238095238,7.857142857142861,7.857142857142861,97.93650793650794,46.507936507936506,87.04253214638972,659.45,130.3025212085054,,10.0,3.0,7.0,154619431.0,27173404.0,0.7010508802505885,88633857580582.0,27796260879176.0,0.313607707459927,64.15908635956856,64.77019569265865,Greed,0.1821063007051329,
2026-01-07,99.28571428571428,70.3968253968254,53.888888888888886,8.80952380952381,8.80952380952381,96.9047619047619,46.46825396825397,89.62450592885375,664.48,126.518666443594,,12.0,6.0,6.0,112330498.0,80663180.0,0.1640847427136965,89765034694290.0,27870759450222.0,0.3104856979684861,59.27349974904323,52.08198170538473,Neutral,0.18947146640982426,
2026-01-08,98.96825396825398,64.84126984126985,11.428571428571429,8.968253968253975,8.968253968253975,95.23809523809524,46.42857142857143,94.7680157946693,664.18,121.53214284843769,,10.0,5.0,5.0,51847854.0,148181202.0,-0.4815967736207284,92853739253468.0,28190293782608.0,0.3035989073703902,53.7011607044924,37.61022307263784,Fear,0.1396759914481016,
2026-01-09,99.20634920634922,83.33333333333334,90.0,9.285714285714292,9.285714285714292,96.42857142857144,46.38888888888889,81.75542406311638,668.25,131.54822172129863,,11.0,1.0,10.0,144648076.0,30256444.0,0.6540233036859197,88872017287714.0,28349745102996.0,0.3189951794524548,64.46049943646099,65.55298677243087,Greed,0.11949120838009741,
2026-01-12,99.36507936507935,85.51587301587301,70.31746031746032,9.523809523809518,9.523809523809518,96.984126984127,46.34920634920635,79.50738916256158,672.86,129.99408380465852,,13.0,2.0,11.0,124309426.0,57712707.0,0.3658715448631733,88988048592350.0,28522408155861.0,0.320519537252927,62.135844280240825,59.51569290782172,Greed,0.16062776803495527,
2026-01-13,99.52380952380952,97.57936507936508,71.34920634920636,10.158730158730153,10.158730158730153,98.96825396825398,46.30952380952381,74.80314960629921,680.71,132.17341873932426,,25.0,0.0,25.0,133143829.0,58941182.0,0.3863010789530058,88048928959100.0,28657440501280.0,0.3254717671193001,63.60634608173978,63.3346900955687,Greed,0.1469788896887072,
2026-01-14,99.52380952380952,94.44444444444444,79.04761904761905,10.476190476190467,10.476190476190467,98.57142857142856,46.26984126984127,80.039331366765,685.76,133.84542835292098,,18.0,0.0,18.0,148661384.0,53453906.0,0.4710552972019088,89309937517299.0,28599292878032.0,0.320225203074321,64.8561068970361,66.58040732903814,Greed,,
2026-01-15,99.84126984126983,95.51587301587304,87.14285714285714,16.58730158730158,16.58730158730158,99.68253968253968,46.230158730158735,89.58742632612967,696.39,138.6183031014924,,20.0,0.0,20.0,156880882.0,37045686.0,0.6179410961369667,92603047362031.0,28745579709189.0,0.3104172111832167,68.89684098917891,77.07447956927382,Extreme Greed,,
2026-01-16,99.92063492063492,94.32539682539682,58.57142857142858,36.50793650793651,36.50793650793651,99.84126984126983,46.19047619047619,83.70951913640825,704.64,140.02384427794308,,19.0,1.0,18.0,150661158.0,95277918.0,0.2251908923980831,91218177128350.0,28933786329012.0,0.317193209071699,69.44682481268596,78.50282645952498,Extreme Greed,,
2026-01-19,99.92063492063492,98.21428571428572,86.03174603174604,38.57142857142857,38.57142857142857,99.76190476190476,46.15079365079365,90.98039215686276,713.96,145.79584604212056,,30.0,1.0,29.0,149646586.0,39568264.0,0.5817636512144791,93862315683921.0,28995013826235.0,0.308910062733536,74.77532679738563,92.3413230011334,Extreme Greed,,
2026-01-20,99.76190476190476,96.984126984127,64.28571428571429,46.03174603174603,46.03174603174603,99.76190476190476,46.11111111111112,94.41723800195886,708.48,144.65172133002363,,23.0,0.0,23.0,161993539.0,88424377.0,0.2937855372935856,95525974014265.0,29058553508096.0,0.3041953124053637,74.1731864962766,90.77752204949876,Extreme Greed,,
2026-01-21,99.84126984126983,95.95238095238096,46.66666666666666,46.90476190476191,46.90476190476191,99.84126984126983,46.07142857142857,95.59686888454011,714.94,143.63548984078665,,22.0,1.0,21.0,112142238.0,96475224.0,0.0750992455272032,96331742532798.0,29082114229670.0,0.3018954444820557,72.22242607088498,85.71125924659394,Extreme Greed,,
2026-01-22,99.84126984126983,94.04761904761904,79.68253968253968,52.61904761904762,52.61904761904762,99.52380952380952,46.03174603174603,95.405669599218,722.3,149.11897210714417,,18.0,0.0,18.0,190099827.0,66221482.0,0.4832931974453985,95727594753741.0,28925744707197.0,0.3021672568041473,77.47134362053717,99.34306938134117,Extreme Greed,,
2026-01-23,99.92063492063492,98.17460317460316,65.71428571428571,54.523809523809526,54.523809523809526,99.52380952380952,45.99206349206349,89.94140625,727.29,148.40049134700178,,29.0,0.0,29.0,166573848.0,87907389.0,0.3091247902099753,93809506711846.0,29055409795669.0,0.3097277750848674,76.03930276537699,95.623957991596,Extreme Greed,,
2026-01-26,99.44444444444444,85.15873015873015,22.77777777777778,45.238095238095234,45.238095238095234,99.28571428571428,45.95238095238095,96.09756097560977,720.04,139.9147554523164,,11.0,0.0,11.0,56467963.0,97770973.0,-0.2677858851412201,97540543076631.0,29346681797190.0,0.3008664999346405,67.39909988385598,73.18473998284777,Greed,,
2026-01-27,100.0,97.61904761904762,74.84126984126985,27.85714285714286,27.85714285714286,99.92063492063492,45.91269841269841,98.92787524366472,745.13,146.45175686128903,,27.0,0.0,27.0,130987038.0,53713122.0,0.4183749272334144,100282602319793.0,29244995928770.0,0.2916258179610268,71.61697646895016,84.13886380664638,Extreme Greed,,
2026-01-28,100.0,97.3015873015873,61.03174603174604,33.17460317460318,33.17460317460318,99.6031746031746,45.87301587301587,99.61051606621228,758.72,147.60991624721584,,25.0,0.0,25.0,132644165.0,78509038.0,0.2563784315410077,103362323106457.0,29596166281178.0,0.286334182434113,71.2211557781178,83.11088947597918,Extreme Greed,,
2026-01-29,100.0,96.984126984127,53.65079365079365,35.793650793650784,35.793650793650784,99.92063492063492,45.83333333333333,99.0272373540856,765.59,148.06593642558624,,25.0,1.0,24.0,140525448.0,100421180.0,0.1664446119577984,103707195090775.0,30092487373257.0,0.2901677877500883,70.87542847878451,82.21301122616315,Extreme Greed,,
2026-01-30,99.92063492063492,96.26984126984128,15.0,46.66666666666666,46.66666666666666,98.96825396825398,45.79365079365079,99.61127308066084,768.41,146.36744304070834,,23.0,1.0,22.0,65471267.0,154645490.0,-0.4051223733048184,106032451905603.0,30277851070203.0,0.2855526824670462,68.61212342079689,76.33504790598397,Extreme Greed,,
2026-02-02,98.4920634920635,22.5,1.1904761904761905,7.7777777777777715,7.7777777777777715,93.4920634920635,45.75396825396825,99.90291262135922,725.46,122.4830044006096,,2.0,4.0,-2.0,13225919.0,188323032.0,-0.8687572529216488,111296537724405.0,30473064379830.0,0.2738006500731235,47.11087995068578,20.49479782147849,Extreme Fear,,
2026-02-03,100.0,98.33333333333331,99.76190476190476,3.253968253968253,3.253968253968253,98.17460317460318,45.71428571428572,99.1270611057226,779.54,147.46212495530958,,31.0,1.0,30.0,214020692.0,3779766.0,0.965291477945377,105584468422613.0,30539765815173.0,0.2892448697372264,68.45239057472327,75.92021040675469,Extreme Greed,,
2026-02-04,100.0,99.484126984127,98.65079365079366,3.253968253968253,3.253968253968253,98.41269841269842,45.67460317460317,91.37596899224806,790.38,147.8317919691563,,41.0,0.0,41.0,280376479.0,16025704.0,0.8918651418974198,100817155055905.0,30935180040055.0,0.3068444058245926,67.51326596530086,73.48123737137843,Greed,,
2026-02-05,99.20634920634922,90.11904761904762,20.31746031746032,1.1111111111111145,1.1111111111111145,95.15873015873017,45.63492063492063,97.67666989351405,756.95,134.14282222802714,,14.0,0.0,14.0,95981781.0,185199984.0,-0.3172972578787248,104866667169065.0,30786792477778.0,0.2935803464426292,56.29192500653053,44.3386212109559,Fear,,
2026-02-06,98.57142857142858,94.28571428571428,20.95238095238096,0.5555555555555571,0.5555555555555571,93.33333333333331,45.595238095238095,99.61315280464216,748.1,133.50692879487207,,19.0,0.0,19.0,86989013.0,161869747.0,-0.300896516562246,109009927260659.0,31099494781432.0,0.2852904828297745,56.682794894231066,45.35373795571724,Neutral,,
2026-02-09,99.6031746031746,99.16666666666669,99.44444444444444,0.0,0.0,97.14285714285714,45.55555555555556,78.06763285024155,780.94,144.43559236254887,,36.0,0.0,36.0,211341150.0,5493680.0,0.9493284358421568,98590517271195.0,31607697744141.0,0.3205957187261432,64.87254140786749,66.6230889160876,Greed,,
2026-02-10,99.44444444444444,99.32539682539682,86.03174603174604,0.0,0.0,95.63492063492065,45.51587301587301,,780.76,150.83904761904762,,38.0,0.0,38.0,273631847.0,72304883.0,0.5819762590691078,,,,60.85034013605442,56.17714772108299,Greed,,
